onset	duration	trial_type	value	sample
2.241	0.6	NonTarget	1	2241
2.334	0.6	NonTarget	1	2334
2.434	0.6	NonTarget	1	2434
2.534	0.6	NonTarget	1	2534
2.634	0.6	NonTarget	1	2634
2.734	0.6	NonTarget	1	2734
2.834	0.6	NonTarget	1	2834
2.934	0.6	NonTarget	1	2934
3.034	0.6	NonTarget	1	3034
3.134	0.6	NonTarget	1	3134
3.234	0.6	NonTarget	1	3234
3.334	0.6	NonTarget	1	3334
3.434	0.6	NonTarget	1	3434
3.534	0.6	NonTarget	1	3534
3.634	0.6	NonTarget	1	3634
3.734	0.6	NonTarget	1	3734
3.834	0.6	NonTarget	1	3834
3.934	0.6	NonTarget	1	3934
4.034	0.6	NonTarget	1	4034
4.134	0.6	NonTarget	1	4134
4.234	0.6	NonTarget	1	4234
4.334	0.6	NonTarget	1	4334
4.434	0.6	NonTarget	1	4434
4.534	0.6	NonTarget	1	4534
4.634	0.6	NonTarget	1	4634
4.734	0.6	NonTarget	1	4734
4.834	0.6	NonTarget	1	4834
4.934	0.6	NonTarget	1	4934
5.034	0.6	NonTarget	1	5034
5.134	0.6	NonTarget	1	5134
5.234	0.6	Target	2	5234
5.334	0.6	NonTarget	1	5334
5.434	0.6	NonTarget	1	5434
5.534	0.6	NonTarget	1	5534
5.634	0.6	NonTarget	1	5634
5.734	0.6	NonTarget	1	5734
5.834	0.6	NonTarget	1	5834
5.934	0.6	NonTarget	1	5934
6.034	0.6	NonTarget	1	6034
6.134	0.6	NonTarget	1	6134
6.234	0.6	NonTarget	1	6234
6.334	0.6	NonTarget	1	6334
6.434	0.6	NonTarget	1	6434
6.534	0.6	NonTarget	1	6534
6.634	0.6	NonTarget	1	6634
6.734	0.6	NonTarget	1	6734
6.834	0.6	NonTarget	1	6834
6.934	0.6	NonTarget	1	6934
7.034	0.6	NonTarget	1	7034
7.134	0.6	NonTarget	1	7134
7.234	0.6	NonTarget	1	7234
7.334	0.6	NonTarget	1	7334
7.434	0.6	NonTarget	1	7434
7.534	0.6	NonTarget	1	7534
7.634	0.6	NonTarget	1	7634
7.734	0.6	NonTarget	1	7734
7.834	0.6	NonTarget	1	7834
7.934	0.6	NonTarget	1	7934
8.034	0.6	NonTarget	1	8034
8.134	0.6	Target	2	8134
8.234	0.6	NonTarget	1	8234
8.334	0.6	NonTarget	1	8334
8.434	0.6	NonTarget	1	8434
8.534	0.6	NonTarget	1	8534
8.634	0.6	NonTarget	1	8634
8.734	0.6	NonTarget	1	8734
8.834	0.6	NonTarget	1	8834
8.934	0.6	NonTarget	1	8934
9.034	0.6	NonTarget	1	9034
9.134	0.6	NonTarget	1	9134
9.234	0.6	NonTarget	1	9234
9.334	0.6	NonTarget	1	9334
9.434	0.6	NonTarget	1	9434
9.534	0.6	NonTarget	1	9534
9.634	0.6	NonTarget	1	9634
9.734	0.6	NonTarget	1	9734
9.834	0.6	NonTarget	1	9834
9.934	0.6	NonTarget	1	9934
10.034	0.6	NonTarget	1	10034
10.134	0.6	NonTarget	1	10134
10.234	0.6	NonTarget	1	10234
10.334	0.6	NonTarget	1	10334
10.434	0.6	NonTarget	1	10434
10.534	0.6	NonTarget	1	10534
10.634	0.6	NonTarget	1	10634
10.734	0.6	NonTarget	1	10734
10.834	0.6	NonTarget	1	10834
10.934	0.6	NonTarget	1	10934
11.034	0.6	NonTarget	1	11034
11.134	0.6	NonTarget	1	11134
11.234	0.6	NonTarget	1	11234
11.334	0.6	NonTarget	1	11334
11.434	0.6	Target	2	11434
11.534	0.6	NonTarget	1	11534
11.634	0.6	NonTarget	1	11634
11.734	0.6	NonTarget	1	11734
11.834	0.6	NonTarget	1	11834
11.934	0.6	NonTarget	1	11934
12.034	0.6	NonTarget	1	12034
12.134	0.6	NonTarget	1	12134
12.234	0.6	NonTarget	1	12234
12.334	0.6	NonTarget	1	12334
12.434	0.6	NonTarget	1	12434
12.534	0.6	NonTarget	1	12534
12.634	0.6	NonTarget	1	12634
12.734	0.6	NonTarget	1	12734
12.834	0.6	NonTarget	1	12834
12.934	0.6	NonTarget	1	12934
13.034	0.6	NonTarget	1	13034
13.134	0.6	NonTarget	1	13134
13.234	0.6	NonTarget	1	13234
13.334	0.6	NonTarget	1	13334
13.434	0.6	NonTarget	1	13434
13.534	0.6	NonTarget	1	13534
13.634	0.6	NonTarget	1	13634
13.734	0.6	NonTarget	1	13734
13.834	0.6	NonTarget	1	13834
13.934	0.6	NonTarget	1	13934
14.034	0.6	NonTarget	1	14034
14.134	0.6	NonTarget	1	14134
14.234	0.6	NonTarget	1	14234
14.334	0.6	NonTarget	1	14334
14.434	0.6	NonTarget	1	14434
14.534	0.6	NonTarget	1	14534
14.634	0.6	NonTarget	1	14634
14.734	0.6	NonTarget	1	14734
14.834	0.6	NonTarget	1	14834
14.934	0.6	NonTarget	1	14934
15.034	0.6	NonTarget	1	15034
15.134	0.6	NonTarget	1	15134
15.234	0.6	NonTarget	1	15234
15.334	0.6	NonTarget	1	15334
15.434	0.6	Target	2	15434
15.534	0.6	NonTarget	1	15534
15.634	0.6	NonTarget	1	15634
15.734	0.6	NonTarget	1	15734
15.834	0.6	NonTarget	1	15834
15.934	0.6	NonTarget	1	15934
16.034	0.6	NonTarget	1	16034
16.134	0.6	NonTarget	1	16134
16.234	0.6	NonTarget	1	16234
16.334	0.6	NonTarget	1	16334
16.434	0.6	NonTarget	1	16434
16.534	0.6	NonTarget	1	16534
16.634	0.6	NonTarget	1	16634
16.734	0.6	NonTarget	1	16734
16.834	0.6	NonTarget	1	16834
16.934	0.6	NonTarget	1	16934
17.034	0.6	NonTarget	1	17034
17.134	0.6	NonTarget	1	17134
17.234	0.6	NonTarget	1	17234
17.334	0.6	NonTarget	1	17334
17.434	0.6	NonTarget	1	17434
17.534	0.6	NonTarget	1	17534
17.634	0.6	NonTarget	1	17634
17.734	0.6	NonTarget	1	17734
17.834	0.6	NonTarget	1	17834
17.934	0.6	Target	2	17934
18.034	0.6	NonTarget	1	18034
18.134	0.6	NonTarget	1	18134
18.234	0.6	NonTarget	1	18234
18.334	0.6	NonTarget	1	18334
18.434	0.6	NonTarget	1	18434
18.534	0.6	NonTarget	1	18534
18.634	0.6	NonTarget	1	18634
18.734	0.6	NonTarget	1	18734
18.834	0.6	NonTarget	1	18834
18.934	0.6	NonTarget	1	18934
19.034	0.6	NonTarget	1	19034
19.134	0.6	NonTarget	1	19134
19.234	0.6	NonTarget	1	19234
19.334	0.6	NonTarget	1	19334
19.434	0.6	NonTarget	1	19434
19.534	0.6	NonTarget	1	19534
19.634	0.6	NonTarget	1	19634
19.734	0.6	NonTarget	1	19734
19.834	0.6	NonTarget	1	19834
19.934	0.6	NonTarget	1	19934
20.034	0.6	NonTarget	1	20034
20.134	0.6	NonTarget	1	20134
20.234	0.6	NonTarget	1	20234
20.334	0.6	NonTarget	1	20334
20.434	0.6	NonTarget	1	20434
20.534	0.6	NonTarget	1	20534
20.634	0.6	NonTarget	1	20634
20.734	0.6	NonTarget	1	20734
20.834	0.6	NonTarget	1	20834
20.934	0.6	NonTarget	1	20934
21.034	0.6	NonTarget	1	21034
21.134	0.6	NonTarget	1	21134
21.234	0.6	NonTarget	1	21234
21.334	0.6	NonTarget	1	21334
21.434	0.6	NonTarget	1	21434
21.534	0.6	NonTarget	1	21534
21.634	0.6	NonTarget	1	21634
21.734	0.6	NonTarget	1	21734
21.834	0.6	NonTarget	1	21834
21.934	0.6	NonTarget	1	21934
22.034	0.6	NonTarget	1	22034
22.134	0.6	NonTarget	1	22134
33.634	0.6	NonTarget	1	33634
33.734	0.6	NonTarget	1	33734
33.834	0.6	NonTarget	1	33834
33.934	0.6	NonTarget	1	33934
34.034	0.6	NonTarget	1	34034
34.134	0.6	NonTarget	1	34134
34.234	0.6	NonTarget	1	34234
34.334	0.6	NonTarget	1	34334
34.434	0.6	NonTarget	1	34434
34.534	0.6	NonTarget	1	34534
34.634	0.6	NonTarget	1	34634
34.734	0.6	NonTarget	1	34734
34.834	0.6	NonTarget	1	34834
34.934	0.6	NonTarget	1	34934
35.034	0.6	NonTarget	1	35034
35.134	0.6	NonTarget	1	35134
35.234	0.6	NonTarget	1	35234
35.334	0.6	NonTarget	1	35334
35.434	0.6	NonTarget	1	35434
35.534	0.6	NonTarget	1	35534
35.634	0.6	NonTarget	1	35634
35.734	0.6	NonTarget	1	35734
35.834	0.6	NonTarget	1	35834
35.934	0.6	NonTarget	1	35934
36.034	0.6	NonTarget	1	36034
36.134	0.6	NonTarget	1	36134
36.234	0.6	NonTarget	1	36234
36.334	0.6	NonTarget	1	36334
36.434	0.6	NonTarget	1	36434
36.534	0.6	Target	2	36534
36.634	0.6	NonTarget	1	36634
36.734	0.6	NonTarget	1	36734
36.834	0.6	NonTarget	1	36834
36.934	0.6	NonTarget	1	36934
37.034	0.6	NonTarget	1	37034
37.134	0.6	NonTarget	1	37134
37.234	0.6	NonTarget	1	37234
37.334	0.6	NonTarget	1	37334
37.434	0.6	NonTarget	1	37434
37.534	0.6	NonTarget	1	37534
37.634	0.6	NonTarget	1	37634
37.734	0.6	NonTarget	1	37734
37.834	0.6	NonTarget	1	37834
37.934	0.6	NonTarget	1	37934
38.034	0.6	NonTarget	1	38034
38.134	0.6	NonTarget	1	38134
38.234	0.6	NonTarget	1	38234
38.334	0.6	NonTarget	1	38334
38.434	0.6	NonTarget	1	38434
38.534	0.6	NonTarget	1	38534
38.634	0.6	NonTarget	1	38634
38.734	0.6	NonTarget	1	38734
38.834	0.6	NonTarget	1	38834
38.934	0.6	NonTarget	1	38934
39.034	0.6	NonTarget	1	39034
39.134	0.6	NonTarget	1	39134
39.234	0.6	NonTarget	1	39234
39.334	0.6	NonTarget	1	39334
39.434	0.6	NonTarget	1	39434
39.534	0.6	NonTarget	1	39534
39.634	0.6	NonTarget	1	39634
39.734	0.6	NonTarget	1	39734
39.834	0.6	NonTarget	1	39834
39.934	0.6	NonTarget	1	39934
40.034	0.6	NonTarget	1	40034
40.134	0.6	NonTarget	1	40134
40.234	0.6	NonTarget	1	40234
40.334	0.6	NonTarget	1	40334
40.434	0.6	NonTarget	1	40434
40.534	0.6	NonTarget	1	40534
40.634	0.6	NonTarget	1	40634
40.734	0.6	NonTarget	1	40734
40.834	0.6	NonTarget	1	40834
40.934	0.6	NonTarget	1	40934
41.034	0.6	NonTarget	1	41034
41.134	0.6	NonTarget	1	41134
41.234	0.6	NonTarget	1	41234
41.334	0.6	NonTarget	1	41334
41.434	0.6	NonTarget	1	41434
41.534	0.6	NonTarget	1	41534
41.634	0.6	NonTarget	1	41634
41.734	0.6	NonTarget	1	41734
41.834	0.6	NonTarget	1	41834
41.934	0.6	NonTarget	1	41934
42.034	0.6	NonTarget	1	42034
42.134	0.6	Target	2	42134
42.234	0.6	NonTarget	1	42234
42.334	0.6	NonTarget	1	42334
42.434	0.6	NonTarget	1	42434
42.534	0.6	NonTarget	1	42534
42.634	0.6	NonTarget	1	42634
42.734	0.6	NonTarget	1	42734
42.834	0.6	NonTarget	1	42834
42.934	0.6	NonTarget	1	42934
43.034	0.6	NonTarget	1	43034
43.134	0.6	NonTarget	1	43134
43.234	0.6	NonTarget	1	43234
43.334	0.6	NonTarget	1	43334
43.434	0.6	NonTarget	1	43434
43.534	0.6	NonTarget	1	43534
43.634	0.6	NonTarget	1	43634
43.734	0.6	NonTarget	1	43734
43.834	0.6	NonTarget	1	43834
43.934	0.6	NonTarget	1	43934
44.034	0.6	NonTarget	1	44034
44.134	0.6	NonTarget	1	44134
44.234	0.6	NonTarget	1	44234
44.334	0.6	NonTarget	1	44334
44.434	0.6	NonTarget	1	44434
44.534	0.6	NonTarget	1	44534
44.634	0.6	NonTarget	1	44634
44.734	0.6	NonTarget	1	44734
44.834	0.6	NonTarget	1	44834
44.934	0.6	NonTarget	1	44934
45.034	0.6	NonTarget	1	45034
45.134	0.6	NonTarget	1	45134
45.234	0.6	NonTarget	1	45234
45.334	0.6	NonTarget	1	45334
45.434	0.6	NonTarget	1	45434
45.534	0.6	NonTarget	1	45534
45.634	0.6	NonTarget	1	45634
45.734	0.6	NonTarget	1	45734
45.834	0.6	NonTarget	1	45834
45.934	0.6	NonTarget	1	45934
46.034	0.6	NonTarget	1	46034
46.134	0.6	NonTarget	1	46134
46.234	0.6	Target	2	46234
46.334	0.6	NonTarget	1	46334
46.434	0.6	NonTarget	1	46434
46.534	0.6	NonTarget	1	46534
46.634	0.6	NonTarget	1	46634
46.734	0.6	NonTarget	1	46734
46.834	0.6	NonTarget	1	46834
46.934	0.6	NonTarget	1	46934
47.034	0.6	NonTarget	1	47034
47.134	0.6	NonTarget	1	47134
47.234	0.6	NonTarget	1	47234
47.334	0.6	NonTarget	1	47334
47.434	0.6	NonTarget	1	47434
47.534	0.6	NonTarget	1	47534
47.634	0.6	NonTarget	1	47634
47.734	0.6	NonTarget	1	47734
47.834	0.6	NonTarget	1	47834
47.934	0.6	NonTarget	1	47934
48.034	0.6	NonTarget	1	48034
48.134	0.6	NonTarget	1	48134
48.234	0.6	NonTarget	1	48234
48.334	0.6	NonTarget	1	48334
48.434	0.6	NonTarget	1	48434
48.534	0.6	NonTarget	1	48534
48.634	0.6	NonTarget	1	48634
48.734	0.6	NonTarget	1	48734
48.834	0.6	NonTarget	1	48834
48.934	0.6	NonTarget	1	48934
49.034	0.6	NonTarget	1	49034
49.134	0.6	NonTarget	1	49134
49.234	0.6	NonTarget	1	49234
49.334	0.6	NonTarget	1	49334
49.434	0.6	NonTarget	1	49434
49.534	0.6	NonTarget	1	49534
49.634	0.6	NonTarget	1	49634
49.734	0.6	NonTarget	1	49734
49.834	0.6	NonTarget	1	49834
49.934	0.6	Target	2	49934
50.034	0.6	NonTarget	1	50034
50.134	0.6	NonTarget	1	50134
50.234	0.6	NonTarget	1	50234
50.334	0.6	NonTarget	1	50334
50.434	0.6	NonTarget	1	50434
50.534	0.6	NonTarget	1	50534
50.634	0.6	NonTarget	1	50634
50.734	0.6	NonTarget	1	50734
50.834	0.6	NonTarget	1	50834
50.934	0.6	NonTarget	1	50934
51.034	0.6	NonTarget	1	51034
51.134	0.6	NonTarget	1	51134
51.234	0.6	NonTarget	1	51234
51.334	0.6	NonTarget	1	51334
51.434	0.6	NonTarget	1	51434
51.534	0.6	NonTarget	1	51534
51.634	0.6	NonTarget	1	51634
51.734	0.6	NonTarget	1	51734
51.834	0.6	NonTarget	1	51834
51.934	0.6	NonTarget	1	51934
52.034	0.6	NonTarget	1	52034
52.134	0.6	NonTarget	1	52134
52.234	0.6	NonTarget	1	52234
52.334	0.6	Target	2	52334
52.434	0.6	NonTarget	1	52434
52.534	0.6	NonTarget	1	52534
52.634	0.6	NonTarget	1	52634
52.734	0.6	NonTarget	1	52734
52.834	0.6	NonTarget	1	52834
52.934	0.6	NonTarget	1	52934
53.034	0.6	NonTarget	1	53034
53.134	0.6	NonTarget	1	53134
53.234	0.6	NonTarget	1	53234
53.334	0.6	NonTarget	1	53334
53.434	0.6	NonTarget	1	53434
53.534	0.6	NonTarget	1	53534
64.918	0.6	NonTarget	1	64918
65.018	0.6	NonTarget	1	65018
65.118	0.6	NonTarget	1	65118
65.218	0.6	NonTarget	1	65218
65.318	0.6	NonTarget	1	65318
65.418	0.6	NonTarget	1	65418
65.518	0.6	NonTarget	1	65518
65.618	0.6	NonTarget	1	65618
65.718	0.6	NonTarget	1	65718
65.818	0.6	NonTarget	1	65818
65.918	0.6	NonTarget	1	65918
66.018	0.6	NonTarget	1	66018
66.118	0.6	NonTarget	1	66118
66.218	0.6	NonTarget	1	66218
66.318	0.6	NonTarget	1	66318
66.418	0.6	NonTarget	1	66418
66.518	0.6	NonTarget	1	66518
66.618	0.6	NonTarget	1	66618
66.718	0.6	NonTarget	1	66718
66.818	0.6	NonTarget	1	66818
66.918	0.6	NonTarget	1	66918
67.018	0.6	NonTarget	1	67018
67.118	0.6	NonTarget	1	67118
67.218	0.6	NonTarget	1	67218
67.318	0.6	NonTarget	1	67318
67.418	0.6	NonTarget	1	67418
67.518	0.6	NonTarget	1	67518
67.618	0.6	NonTarget	1	67618
67.718	0.6	NonTarget	1	67718
67.818	0.6	NonTarget	1	67818
67.918	0.6	NonTarget	1	67918
68.018	0.6	NonTarget	1	68018
68.118	0.6	NonTarget	1	68118
68.218	0.6	NonTarget	1	68218
68.318	0.6	NonTarget	1	68318
68.418	0.6	NonTarget	1	68418
68.518	0.6	NonTarget	1	68518
68.618	0.6	NonTarget	1	68618
68.718	0.6	NonTarget	1	68718
68.818	0.6	NonTarget	1	68818
68.918	0.6	Target	2	68918
69.018	0.6	NonTarget	1	69018
69.118	0.6	NonTarget	1	69118
69.218	0.6	NonTarget	1	69218
69.318	0.6	NonTarget	1	69318
69.418	0.6	NonTarget	1	69418
69.518	0.6	NonTarget	1	69518
69.618	0.6	NonTarget	1	69618
69.718	0.6	NonTarget	1	69718
69.818	0.6	NonTarget	1	69818
69.918	0.6	NonTarget	1	69918
70.018	0.6	NonTarget	1	70018
70.118	0.6	NonTarget	1	70118
70.218	0.6	NonTarget	1	70218
70.318	0.6	NonTarget	1	70318
70.418	0.6	NonTarget	1	70418
70.518	0.6	NonTarget	1	70518
70.618	0.6	NonTarget	1	70618
70.718	0.6	NonTarget	1	70718
70.818	0.6	NonTarget	1	70818
70.918	0.6	NonTarget	1	70918
71.018	0.6	NonTarget	1	71018
71.118	0.6	NonTarget	1	71118
71.218	0.6	NonTarget	1	71218
71.318	0.6	NonTarget	1	71318
71.418	0.6	NonTarget	1	71418
71.518	0.6	NonTarget	1	71518
71.618	0.6	NonTarget	1	71618
71.718	0.6	NonTarget	1	71718
71.818	0.6	NonTarget	1	71818
71.918	0.6	NonTarget	1	71918
72.018	0.6	NonTarget	1	72018
72.118	0.6	NonTarget	1	72118
72.218	0.6	NonTarget	1	72218
72.318	0.6	NonTarget	1	72318
72.418	0.6	NonTarget	1	72418
72.518	0.6	NonTarget	1	72518
72.618	0.6	NonTarget	1	72618
72.718	0.6	NonTarget	1	72718
72.818	0.6	NonTarget	1	72818
72.918	0.6	NonTarget	1	72918
73.018	0.6	NonTarget	1	73018
73.118	0.6	NonTarget	1	73118
73.218	0.6	NonTarget	1	73218
73.318	0.6	NonTarget	1	73318
73.418	0.6	NonTarget	1	73418
73.518	0.6	NonTarget	1	73518
73.618	0.6	NonTarget	1	73618
73.718	0.6	NonTarget	1	73718
73.818	0.6	NonTarget	1	73818
73.918	0.6	NonTarget	1	73918
74.018	0.6	NonTarget	1	74018
74.118	0.6	NonTarget	1	74118
74.218	0.6	NonTarget	1	74218
74.318	0.6	NonTarget	1	74318
74.418	0.6	NonTarget	1	74418
74.518	0.6	NonTarget	1	74518
74.618	0.6	NonTarget	1	74618
74.718	0.6	NonTarget	1	74718
74.818	0.6	NonTarget	1	74818
74.918	0.6	Target	2	74918
75.018	0.6	NonTarget	1	75018
75.118	0.6	NonTarget	1	75118
75.218	0.6	NonTarget	1	75218
75.318	0.6	NonTarget	1	75318
75.418	0.6	NonTarget	1	75418
75.518	0.6	NonTarget	1	75518
75.618	0.6	NonTarget	1	75618
75.718	0.6	NonTarget	1	75718
75.818	0.6	NonTarget	1	75818
75.918	0.6	NonTarget	1	75918
76.018	0.6	NonTarget	1	76018
76.118	0.6	NonTarget	1	76118
76.218	0.6	NonTarget	1	76218
76.318	0.6	NonTarget	1	76318
76.418	0.6	NonTarget	1	76418
76.518	0.6	NonTarget	1	76518
76.618	0.6	NonTarget	1	76618
76.718	0.6	NonTarget	1	76718
76.818	0.6	NonTarget	1	76818
76.918	0.6	NonTarget	1	76918
77.018	0.6	NonTarget	1	77018
77.118	0.6	NonTarget	1	77118
77.218	0.6	NonTarget	1	77218
77.318	0.6	NonTarget	1	77318
77.418	0.6	NonTarget	1	77418
77.518	0.6	NonTarget	1	77518
77.618	0.6	NonTarget	1	77618
77.718	0.6	NonTarget	1	77718
77.818	0.6	NonTarget	1	77818
77.918	0.6	NonTarget	1	77918
78.018	0.6	NonTarget	1	78018
78.118	0.6	NonTarget	1	78118
78.218	0.6	NonTarget	1	78218
78.318	0.6	NonTarget	1	78318
78.418	0.6	NonTarget	1	78418
78.518	0.6	Target	2	78518
78.618	0.6	NonTarget	1	78618
78.718	0.6	NonTarget	1	78718
78.818	0.6	NonTarget	1	78818
78.918	0.6	NonTarget	1	78918
79.018	0.6	NonTarget	1	79018
79.118	0.6	NonTarget	1	79118
79.218	0.6	NonTarget	1	79218
79.318	0.6	NonTarget	1	79318
79.418	0.6	NonTarget	1	79418
79.518	0.6	NonTarget	1	79518
79.618	0.6	NonTarget	1	79618
79.718	0.6	NonTarget	1	79718
79.818	0.6	NonTarget	1	79818
79.918	0.6	NonTarget	1	79918
80.018	0.6	NonTarget	1	80018
80.118	0.6	NonTarget	1	80118
80.218	0.6	NonTarget	1	80218
80.318	0.6	NonTarget	1	80318
80.418	0.6	NonTarget	1	80418
80.518	0.6	NonTarget	1	80518
80.618	0.6	NonTarget	1	80618
80.718	0.6	NonTarget	1	80718
80.818	0.6	NonTarget	1	80818
80.918	0.6	NonTarget	1	80918
81.018	0.6	NonTarget	1	81018
81.118	0.6	NonTarget	1	81118
81.218	0.6	NonTarget	1	81218
81.318	0.6	NonTarget	1	81318
81.418	0.6	NonTarget	1	81418
81.518	0.6	NonTarget	1	81518
81.618	0.6	Target	2	81618
81.718	0.6	NonTarget	1	81718
81.818	0.6	NonTarget	1	81818
81.918	0.6	NonTarget	1	81918
82.018	0.6	NonTarget	1	82018
82.118	0.6	NonTarget	1	82118
82.218	0.6	NonTarget	1	82218
82.318	0.6	NonTarget	1	82318
82.418	0.6	NonTarget	1	82418
82.518	0.6	NonTarget	1	82518
82.618	0.6	NonTarget	1	82618
82.718	0.6	NonTarget	1	82718
82.818	0.6	NonTarget	1	82818
82.918	0.6	NonTarget	1	82918
83.018	0.6	NonTarget	1	83018
83.118	0.6	NonTarget	1	83118
83.218	0.6	NonTarget	1	83218
83.318	0.6	NonTarget	1	83318
83.418	0.6	NonTarget	1	83418
83.518	0.6	NonTarget	1	83518
83.618	0.6	NonTarget	1	83618
83.718	0.6	NonTarget	1	83718
83.818	0.6	NonTarget	1	83818
83.918	0.6	NonTarget	1	83918
84.018	0.6	NonTarget	1	84018
84.118	0.6	NonTarget	1	84118
84.218	0.6	NonTarget	1	84218
84.318	0.6	NonTarget	1	84318
84.418	0.6	NonTarget	1	84418
84.518	0.6	NonTarget	1	84518
84.618	0.6	NonTarget	1	84618
84.718	0.6	NonTarget	1	84718
84.818	0.6	NonTarget	1	84818
96.069	0.6	NonTarget	1	96069
96.168	0.6	NonTarget	1	96168
96.268	0.6	NonTarget	1	96268
96.368	0.6	NonTarget	1	96368
96.468	0.6	NonTarget	1	96468
96.568	0.6	NonTarget	1	96568
96.668	0.6	NonTarget	1	96668
96.768	0.6	NonTarget	1	96768
96.868	0.6	NonTarget	1	96868
96.968	0.6	NonTarget	1	96968
97.068	0.6	NonTarget	1	97068
97.168	0.6	NonTarget	1	97168
97.268	0.6	NonTarget	1	97268
97.368	0.6	NonTarget	1	97368
97.468	0.6	NonTarget	1	97468
97.568	0.6	NonTarget	1	97568
97.668	0.6	NonTarget	1	97668
97.768	0.6	NonTarget	1	97768
97.868	0.6	NonTarget	1	97868
97.968	0.6	NonTarget	1	97968
98.068	0.6	NonTarget	1	98068
98.168	0.6	NonTarget	1	98168
98.268	0.6	NonTarget	1	98268
98.368	0.6	NonTarget	1	98368
98.468	0.6	NonTarget	1	98468
98.568	0.6	NonTarget	1	98568
98.668	0.6	NonTarget	1	98668
98.768	0.6	NonTarget	1	98768
98.868	0.6	NonTarget	1	98868
98.968	0.6	NonTarget	1	98968
99.068	0.6	NonTarget	1	99068
99.168	0.6	NonTarget	1	99168
99.268	0.6	NonTarget	1	99268
99.368	0.6	NonTarget	1	99368
99.468	0.6	NonTarget	1	99468
99.568	0.6	NonTarget	1	99568
99.668	0.6	NonTarget	1	99668
99.768	0.6	NonTarget	1	99768
99.868	0.6	NonTarget	1	99868
99.968	0.6	NonTarget	1	99968
100.068	0.6	NonTarget	1	100068
100.168	0.6	NonTarget	1	100168
100.268	0.6	NonTarget	1	100268
100.368	0.6	NonTarget	1	100368
100.468	0.6	Target	2	100468
100.568	0.6	NonTarget	1	100568
100.668	0.6	NonTarget	1	100668
100.768	0.6	NonTarget	1	100768
100.868	0.6	NonTarget	1	100868
100.968	0.6	NonTarget	1	100968
101.068	0.6	NonTarget	1	101068
101.168	0.6	NonTarget	1	101168
101.268	0.6	NonTarget	1	101268
101.368	0.6	NonTarget	1	101368
101.468	0.6	NonTarget	1	101468
101.568	0.6	NonTarget	1	101568
101.668	0.6	NonTarget	1	101668
101.768	0.6	NonTarget	1	101768
101.868	0.6	NonTarget	1	101868
101.968	0.6	NonTarget	1	101968
102.068	0.6	NonTarget	1	102068
102.168	0.6	NonTarget	1	102168
102.268	0.6	NonTarget	1	102268
102.368	0.6	NonTarget	1	102368
102.468	0.6	NonTarget	1	102468
102.568	0.6	NonTarget	1	102568
102.668	0.6	NonTarget	1	102668
102.768	0.6	NonTarget	1	102768
102.868	0.6	NonTarget	1	102868
102.968	0.6	NonTarget	1	102968
103.068	0.6	NonTarget	1	103068
103.168	0.6	NonTarget	1	103168
103.268	0.6	NonTarget	1	103268
103.368	0.6	NonTarget	1	103368
103.468	0.6	NonTarget	1	103468
103.568	0.6	NonTarget	1	103568
103.668	0.6	NonTarget	1	103668
103.768	0.6	NonTarget	1	103768
103.868	0.6	NonTarget	1	103868
103.968	0.6	NonTarget	1	103968
104.068	0.6	NonTarget	1	104068
104.168	0.6	NonTarget	1	104168
104.268	0.6	NonTarget	1	104268
104.368	0.6	NonTarget	1	104368
104.468	0.6	NonTarget	1	104468
104.568	0.6	NonTarget	1	104568
104.668	0.6	NonTarget	1	104668
104.768	0.6	NonTarget	1	104768
104.868	0.6	NonTarget	1	104868
104.968	0.6	NonTarget	1	104968
105.068	0.6	Target	2	105068
105.168	0.6	NonTarget	1	105168
105.268	0.6	NonTarget	1	105268
105.368	0.6	NonTarget	1	105368
105.468	0.6	NonTarget	1	105468
105.568	0.6	NonTarget	1	105568
105.668	0.6	NonTarget	1	105668
105.768	0.6	NonTarget	1	105768
105.868	0.6	NonTarget	1	105868
105.968	0.6	NonTarget	1	105968
106.068	0.6	NonTarget	1	106068
106.168	0.6	NonTarget	1	106168
106.268	0.6	NonTarget	1	106268
106.368	0.6	NonTarget	1	106368
106.468	0.6	NonTarget	1	106468
106.568	0.6	NonTarget	1	106568
106.668	0.6	NonTarget	1	106668
106.768	0.6	NonTarget	1	106768
106.868	0.6	NonTarget	1	106868
106.968	0.6	NonTarget	1	106968
107.068	0.6	NonTarget	1	107068
107.168	0.6	NonTarget	1	107168
107.268	0.6	NonTarget	1	107268
107.368	0.6	NonTarget	1	107368
107.468	0.6	NonTarget	1	107468
107.568	0.6	NonTarget	1	107568
107.668	0.6	NonTarget	1	107668
107.768	0.6	NonTarget	1	107768
107.868	0.6	NonTarget	1	107868
107.968	0.6	NonTarget	1	107968
108.068	0.6	NonTarget	1	108068
108.168	0.6	Target	2	108168
108.268	0.6	NonTarget	1	108268
108.368	0.6	NonTarget	1	108368
108.468	0.6	NonTarget	1	108468
108.568	0.6	NonTarget	1	108568
108.668	0.6	NonTarget	1	108668
108.768	0.6	NonTarget	1	108768
108.868	0.6	NonTarget	1	108868
108.968	0.6	NonTarget	1	108968
109.068	0.6	NonTarget	1	109068
109.168	0.6	NonTarget	1	109168
109.268	0.6	NonTarget	1	109268
109.368	0.6	NonTarget	1	109368
109.468	0.6	NonTarget	1	109468
109.568	0.6	NonTarget	1	109568
109.668	0.6	NonTarget	1	109668
109.768	0.6	NonTarget	1	109768
109.868	0.6	NonTarget	1	109868
109.968	0.6	NonTarget	1	109968
110.068	0.6	NonTarget	1	110068
110.168	0.6	NonTarget	1	110168
110.268	0.6	NonTarget	1	110268
110.368	0.6	NonTarget	1	110368
110.468	0.6	NonTarget	1	110468
110.568	0.6	NonTarget	1	110568
110.668	0.6	Target	2	110668
110.768	0.6	NonTarget	1	110768
110.868	0.6	NonTarget	1	110868
110.968	0.6	NonTarget	1	110968
111.068	0.6	NonTarget	1	111068
111.168	0.6	NonTarget	1	111168
111.268	0.6	NonTarget	1	111268
111.368	0.6	NonTarget	1	111368
111.468	0.6	NonTarget	1	111468
111.568	0.6	NonTarget	1	111568
111.668	0.6	NonTarget	1	111668
111.768	0.6	NonTarget	1	111768
111.868	0.6	NonTarget	1	111868
111.968	0.6	NonTarget	1	111968
112.068	0.6	NonTarget	1	112068
112.168	0.6	NonTarget	1	112168
112.268	0.6	NonTarget	1	112268
112.368	0.6	NonTarget	1	112368
112.468	0.6	NonTarget	1	112468
112.568	0.6	NonTarget	1	112568
112.668	0.6	NonTarget	1	112668
112.768	0.6	NonTarget	1	112768
112.868	0.6	NonTarget	1	112868
112.968	0.6	NonTarget	1	112968
113.068	0.6	NonTarget	1	113068
113.168	0.6	NonTarget	1	113168
113.269	0.6	NonTarget	1	113269
113.368	0.6	NonTarget	1	113368
113.468	0.6	NonTarget	1	113468
113.569	0.6	NonTarget	1	113569
113.669	0.6	NonTarget	1	113669
113.769	0.6	NonTarget	1	113769
113.869	0.6	NonTarget	1	113869
113.969	0.6	NonTarget	1	113969
114.068	0.6	NonTarget	1	114068
114.169	0.6	NonTarget	1	114169
114.269	0.6	NonTarget	1	114269
114.369	0.6	NonTarget	1	114369
114.469	0.6	NonTarget	1	114469
114.569	0.6	NonTarget	1	114569
114.669	0.6	NonTarget	1	114669
114.769	0.6	NonTarget	1	114769
114.869	0.6	NonTarget	1	114869
114.969	0.6	NonTarget	1	114969
115.069	0.6	NonTarget	1	115069
115.169	0.6	NonTarget	1	115169
115.268	0.6	NonTarget	1	115268
115.369	0.6	NonTarget	1	115369
115.469	0.6	NonTarget	1	115469
115.569	0.6	NonTarget	1	115569
115.669	0.6	NonTarget	1	115669
115.769	0.6	NonTarget	1	115769
115.869	0.6	NonTarget	1	115869
115.969	0.6	NonTarget	1	115969
127.17	0.6	NonTarget	1	127170
127.27	0.6	NonTarget	1	127270
127.37	0.6	NonTarget	1	127370
127.47	0.6	NonTarget	1	127470
127.57	0.6	NonTarget	1	127570
127.67	0.6	NonTarget	1	127670
127.77	0.6	NonTarget	1	127770
127.87	0.6	NonTarget	1	127870
127.97	0.6	NonTarget	1	127970
128.07	0.6	NonTarget	1	128070
128.17	0.6	NonTarget	1	128170
128.27	0.6	NonTarget	1	128270
128.37	0.6	NonTarget	1	128370
128.47	0.6	NonTarget	1	128470
128.57	0.6	NonTarget	1	128570
128.67	0.6	NonTarget	1	128670
128.77	0.6	NonTarget	1	128770
128.87	0.6	NonTarget	1	128870
128.97	0.6	NonTarget	1	128970
129.07	0.6	NonTarget	1	129070
129.17	0.6	NonTarget	1	129170
129.27	0.6	NonTarget	1	129270
129.37	0.6	NonTarget	1	129370
129.47	0.6	NonTarget	1	129470
129.57	0.6	NonTarget	1	129570
129.67	0.6	NonTarget	1	129670
129.77	0.6	Target	2	129770
129.87	0.6	NonTarget	1	129870
129.97	0.6	NonTarget	1	129970
130.07	0.6	NonTarget	1	130070
130.17	0.6	NonTarget	1	130170
130.27	0.6	NonTarget	1	130270
130.37	0.6	NonTarget	1	130370
130.47	0.6	NonTarget	1	130470
130.57	0.6	NonTarget	1	130570
130.67	0.6	NonTarget	1	130670
130.77	0.6	NonTarget	1	130770
130.87	0.6	NonTarget	1	130870
130.97	0.6	NonTarget	1	130970
131.07	0.6	NonTarget	1	131070
131.17	0.6	NonTarget	1	131170
131.27	0.6	NonTarget	1	131270
131.37	0.6	NonTarget	1	131370
131.47	0.6	NonTarget	1	131470
131.57	0.6	NonTarget	1	131570
131.67	0.6	NonTarget	1	131670
131.77	0.6	NonTarget	1	131770
131.87	0.6	NonTarget	1	131870
131.97	0.6	NonTarget	1	131970
132.07	0.6	NonTarget	1	132070
132.17	0.6	NonTarget	1	132170
132.27	0.6	NonTarget	1	132270
132.37	0.6	NonTarget	1	132370
132.47	0.6	NonTarget	1	132470
132.57	0.6	NonTarget	1	132570
132.67	0.6	NonTarget	1	132670
132.77	0.6	NonTarget	1	132770
132.87	0.6	NonTarget	1	132870
132.97	0.6	NonTarget	1	132970
133.07	0.6	NonTarget	1	133070
133.17	0.6	NonTarget	1	133170
133.27	0.6	NonTarget	1	133270
133.369	0.6	NonTarget	1	133369
133.469	0.6	NonTarget	1	133469
133.569	0.6	NonTarget	1	133569
133.669	0.6	NonTarget	1	133669
133.769	0.6	NonTarget	1	133769
133.869	0.6	NonTarget	1	133869
133.969	0.6	NonTarget	1	133969
134.069	0.6	NonTarget	1	134069
134.169	0.6	NonTarget	1	134169
134.269	0.6	NonTarget	1	134269
134.369	0.6	NonTarget	1	134369
134.469	0.6	Target	2	134469
134.569	0.6	NonTarget	1	134569
134.669	0.6	NonTarget	1	134669
134.769	0.6	NonTarget	1	134769
134.869	0.6	NonTarget	1	134869
134.969	0.6	NonTarget	1	134969
135.069	0.6	NonTarget	1	135069
135.169	0.6	NonTarget	1	135169
135.269	0.6	NonTarget	1	135269
135.369	0.6	NonTarget	1	135369
135.469	0.6	NonTarget	1	135469
135.569	0.6	NonTarget	1	135569
135.669	0.6	NonTarget	1	135669
135.769	0.6	NonTarget	1	135769
135.869	0.6	NonTarget	1	135869
135.969	0.6	NonTarget	1	135969
136.069	0.6	NonTarget	1	136069
136.169	0.6	NonTarget	1	136169
136.269	0.6	NonTarget	1	136269
136.369	0.6	NonTarget	1	136369
136.469	0.6	Target	2	136469
136.569	0.6	NonTarget	1	136569
136.669	0.6	NonTarget	1	136669
136.769	0.6	NonTarget	1	136769
136.869	0.6	NonTarget	1	136869
136.969	0.6	NonTarget	1	136969
137.069	0.6	NonTarget	1	137069
137.169	0.6	NonTarget	1	137169
137.269	0.6	NonTarget	1	137269
137.369	0.6	NonTarget	1	137369
137.469	0.6	NonTarget	1	137469
137.569	0.6	NonTarget	1	137569
137.669	0.6	NonTarget	1	137669
137.769	0.6	NonTarget	1	137769
137.869	0.6	NonTarget	1	137869
137.969	0.6	NonTarget	1	137969
138.069	0.6	NonTarget	1	138069
138.169	0.6	NonTarget	1	138169
138.269	0.6	NonTarget	1	138269
138.369	0.6	NonTarget	1	138369
138.469	0.6	NonTarget	1	138469
138.569	0.6	NonTarget	1	138569
138.669	0.6	NonTarget	1	138669
138.769	0.6	NonTarget	1	138769
138.869	0.6	NonTarget	1	138869
138.969	0.6	NonTarget	1	138969
139.069	0.6	NonTarget	1	139069
139.169	0.6	NonTarget	1	139169
139.269	0.6	NonTarget	1	139269
139.369	0.6	NonTarget	1	139369
139.469	0.6	NonTarget	1	139469
139.569	0.6	NonTarget	1	139569
139.669	0.6	NonTarget	1	139669
139.769	0.6	NonTarget	1	139769
139.869	0.6	NonTarget	1	139869
139.969	0.6	NonTarget	1	139969
140.069	0.6	NonTarget	1	140069
140.169	0.6	NonTarget	1	140169
140.269	0.6	NonTarget	1	140269
140.369	0.6	NonTarget	1	140369
140.469	0.6	NonTarget	1	140469
140.569	0.6	Target	2	140569
140.669	0.6	NonTarget	1	140669
140.769	0.6	NonTarget	1	140769
140.869	0.6	NonTarget	1	140869
140.969	0.6	NonTarget	1	140969
141.069	0.6	NonTarget	1	141069
141.169	0.6	NonTarget	1	141169
141.269	0.6	NonTarget	1	141269
141.369	0.6	NonTarget	1	141369
141.469	0.6	NonTarget	1	141469
141.569	0.6	NonTarget	1	141569
141.669	0.6	NonTarget	1	141669
141.769	0.6	NonTarget	1	141769
141.869	0.6	NonTarget	1	141869
141.969	0.6	NonTarget	1	141969
142.069	0.6	NonTarget	1	142069
142.169	0.6	NonTarget	1	142169
142.269	0.6	NonTarget	1	142269
142.369	0.6	NonTarget	1	142369
142.469	0.6	NonTarget	1	142469
142.569	0.6	NonTarget	1	142569
142.669	0.6	NonTarget	1	142669
142.769	0.6	NonTarget	1	142769
142.869	0.6	NonTarget	1	142869
142.969	0.6	NonTarget	1	142969
143.069	0.6	NonTarget	1	143069
143.169	0.6	NonTarget	1	143169
143.269	0.6	NonTarget	1	143269
143.369	0.6	Target	2	143369
143.469	0.6	NonTarget	1	143469
143.569	0.6	NonTarget	1	143569
143.669	0.6	NonTarget	1	143669
143.769	0.6	NonTarget	1	143769
143.869	0.6	NonTarget	1	143869
143.969	0.6	NonTarget	1	143969
144.069	0.6	NonTarget	1	144069
144.169	0.6	NonTarget	1	144169
144.269	0.6	NonTarget	1	144269
144.369	0.6	NonTarget	1	144369
144.469	0.6	NonTarget	1	144469
144.569	0.6	NonTarget	1	144569
144.669	0.6	NonTarget	1	144669
144.769	0.6	NonTarget	1	144769
144.869	0.6	NonTarget	1	144869
144.969	0.6	NonTarget	1	144969
145.069	0.6	NonTarget	1	145069
145.169	0.6	NonTarget	1	145169
145.269	0.6	NonTarget	1	145269
145.369	0.6	NonTarget	1	145369
145.469	0.6	NonTarget	1	145469
145.569	0.6	NonTarget	1	145569
145.669	0.6	NonTarget	1	145669
145.769	0.6	NonTarget	1	145769
145.869	0.6	NonTarget	1	145869
145.969	0.6	NonTarget	1	145969
146.069	0.6	NonTarget	1	146069
146.169	0.6	NonTarget	1	146169
146.269	0.6	NonTarget	1	146269
146.369	0.6	NonTarget	1	146369
146.469	0.6	NonTarget	1	146469
146.569	0.6	NonTarget	1	146569
146.669	0.6	NonTarget	1	146669
146.769	0.6	NonTarget	1	146769
146.869	0.6	NonTarget	1	146869
146.969	0.6	NonTarget	1	146969
147.069	0.6	NonTarget	1	147069
157.969	0.6	NonTarget	1	157969
158.069	0.6	NonTarget	1	158069
158.169	0.6	NonTarget	1	158169
158.269	0.6	NonTarget	1	158269
158.369	0.6	NonTarget	1	158369
158.469	0.6	NonTarget	1	158469
158.569	0.6	NonTarget	1	158569
158.669	0.6	NonTarget	1	158669
158.769	0.6	NonTarget	1	158769
158.869	0.6	NonTarget	1	158869
158.969	0.6	NonTarget	1	158969
159.069	0.6	NonTarget	1	159069
159.169	0.6	NonTarget	1	159169
159.269	0.6	NonTarget	1	159269
159.369	0.6	NonTarget	1	159369
159.469	0.6	NonTarget	1	159469
159.569	0.6	NonTarget	1	159569
159.669	0.6	NonTarget	1	159669
159.769	0.6	NonTarget	1	159769
159.869	0.6	NonTarget	1	159869
159.969	0.6	NonTarget	1	159969
160.069	0.6	NonTarget	1	160069
160.169	0.6	NonTarget	1	160169
160.269	0.6	NonTarget	1	160269
160.369	0.6	NonTarget	1	160369
160.469	0.6	NonTarget	1	160469
160.569	0.6	NonTarget	1	160569
160.669	0.6	NonTarget	1	160669
160.769	0.6	NonTarget	1	160769
160.869	0.6	NonTarget	1	160869
160.969	0.6	NonTarget	1	160969
161.069	0.6	NonTarget	1	161069
161.169	0.6	NonTarget	1	161169
161.269	0.6	NonTarget	1	161269
161.369	0.6	NonTarget	1	161369
161.469	0.6	NonTarget	1	161469
161.569	0.6	NonTarget	1	161569
161.669	0.6	NonTarget	1	161669
161.769	0.6	NonTarget	1	161769
161.869	0.6	NonTarget	1	161869
161.969	0.6	NonTarget	1	161969
162.069	0.6	NonTarget	1	162069
162.169	0.6	NonTarget	1	162169
162.269	0.6	NonTarget	1	162269
162.369	0.6	NonTarget	1	162369
162.469	0.6	NonTarget	1	162469
162.569	0.6	NonTarget	1	162569
162.669	0.6	NonTarget	1	162669
162.769	0.6	NonTarget	1	162769
162.869	0.6	NonTarget	1	162869
162.969	0.6	NonTarget	1	162969
163.069	0.6	NonTarget	1	163069
163.169	0.6	NonTarget	1	163169
163.269	0.6	Target	2	163269
163.369	0.6	NonTarget	1	163369
163.469	0.6	NonTarget	1	163469
163.569	0.6	NonTarget	1	163569
163.669	0.6	NonTarget	1	163669
163.769	0.6	NonTarget	1	163769
163.869	0.6	NonTarget	1	163869
163.969	0.6	NonTarget	1	163969
164.069	0.6	NonTarget	1	164069
164.169	0.6	NonTarget	1	164169
164.269	0.6	NonTarget	1	164269
164.369	0.6	NonTarget	1	164369
164.469	0.6	NonTarget	1	164469
164.569	0.6	NonTarget	1	164569
164.669	0.6	NonTarget	1	164669
164.769	0.6	NonTarget	1	164769
164.869	0.6	NonTarget	1	164869
164.969	0.6	NonTarget	1	164969
165.069	0.6	NonTarget	1	165069
165.169	0.6	NonTarget	1	165169
165.269	0.6	NonTarget	1	165269
165.369	0.6	NonTarget	1	165369
165.469	0.6	NonTarget	1	165469
165.569	0.6	NonTarget	1	165569
165.669	0.6	NonTarget	1	165669
165.769	0.6	NonTarget	1	165769
165.869	0.6	NonTarget	1	165869
165.969	0.6	NonTarget	1	165969
166.069	0.6	NonTarget	1	166069
166.169	0.6	NonTarget	1	166169
166.269	0.6	NonTarget	1	166269
166.369	0.6	NonTarget	1	166369
166.469	0.6	NonTarget	1	166469
166.569	0.6	NonTarget	1	166569
166.669	0.6	NonTarget	1	166669
166.769	0.6	NonTarget	1	166769
166.869	0.6	NonTarget	1	166869
166.969	0.6	NonTarget	1	166969
167.069	0.6	NonTarget	1	167069
167.169	0.6	NonTarget	1	167169
167.269	0.6	NonTarget	1	167269
167.369	0.6	NonTarget	1	167369
167.469	0.6	NonTarget	1	167469
167.569	0.6	NonTarget	1	167569
167.669	0.6	NonTarget	1	167669
167.769	0.6	Target	2	167769
167.869	0.6	NonTarget	1	167869
167.969	0.6	NonTarget	1	167969
168.069	0.6	NonTarget	1	168069
168.169	0.6	NonTarget	1	168169
168.269	0.6	NonTarget	1	168269
168.369	0.6	NonTarget	1	168369
168.469	0.6	NonTarget	1	168469
168.569	0.6	NonTarget	1	168569
168.669	0.6	NonTarget	1	168669
168.769	0.6	NonTarget	1	168769
168.869	0.6	NonTarget	1	168869
168.969	0.6	NonTarget	1	168969
169.069	0.6	NonTarget	1	169069
169.169	0.6	NonTarget	1	169169
169.269	0.6	NonTarget	1	169269
169.369	0.6	NonTarget	1	169369
169.469	0.6	NonTarget	1	169469
169.569	0.6	NonTarget	1	169569
169.669	0.6	NonTarget	1	169669
169.769	0.6	NonTarget	1	169769
169.869	0.6	NonTarget	1	169869
169.969	0.6	NonTarget	1	169969
170.069	0.6	NonTarget	1	170069
170.169	0.6	NonTarget	1	170169
170.269	0.6	NonTarget	1	170269
170.369	0.6	NonTarget	1	170369
170.469	0.6	NonTarget	1	170469
170.569	0.6	NonTarget	1	170569
170.669	0.6	NonTarget	1	170669
170.769	0.6	NonTarget	1	170769
170.869	0.6	NonTarget	1	170869
170.969	0.6	NonTarget	1	170969
171.069	0.6	NonTarget	1	171069
171.169	0.6	Target	2	171169
171.269	0.6	NonTarget	1	171269
171.369	0.6	NonTarget	1	171369
171.469	0.6	NonTarget	1	171469
171.569	0.6	NonTarget	1	171569
171.669	0.6	NonTarget	1	171669
171.769	0.6	NonTarget	1	171769
171.869	0.6	NonTarget	1	171869
171.969	0.6	NonTarget	1	171969
172.069	0.6	NonTarget	1	172069
172.169	0.6	NonTarget	1	172169
172.269	0.6	NonTarget	1	172269
172.369	0.6	NonTarget	1	172369
172.469	0.6	NonTarget	1	172469
172.569	0.6	NonTarget	1	172569
172.669	0.6	NonTarget	1	172669
172.769	0.6	NonTarget	1	172769
172.869	0.6	NonTarget	1	172869
172.969	0.6	NonTarget	1	172969
173.069	0.6	NonTarget	1	173069
173.169	0.6	NonTarget	1	173169
173.269	0.6	NonTarget	1	173269
173.369	0.6	NonTarget	1	173369
173.469	0.6	NonTarget	1	173469
173.569	0.6	NonTarget	1	173569
173.669	0.6	NonTarget	1	173669
173.769	0.6	NonTarget	1	173769
173.869	0.6	NonTarget	1	173869
173.969	0.6	NonTarget	1	173969
174.069	0.6	NonTarget	1	174069
174.169	0.6	NonTarget	1	174169
174.269	0.6	NonTarget	1	174269
174.369	0.6	NonTarget	1	174369
174.469	0.6	Target	2	174469
174.569	0.6	NonTarget	1	174569
174.669	0.6	NonTarget	1	174669
174.769	0.6	NonTarget	1	174769
174.869	0.6	NonTarget	1	174869
174.969	0.6	NonTarget	1	174969
175.069	0.6	NonTarget	1	175069
175.169	0.6	NonTarget	1	175169
175.269	0.6	NonTarget	1	175269
175.369	0.6	NonTarget	1	175369
175.469	0.6	NonTarget	1	175469
175.569	0.6	NonTarget	1	175569
175.669	0.6	NonTarget	1	175669
175.769	0.6	NonTarget	1	175769
175.869	0.6	NonTarget	1	175869
175.969	0.6	NonTarget	1	175969
176.069	0.6	NonTarget	1	176069
176.169	0.6	NonTarget	1	176169
176.269	0.6	NonTarget	1	176269
176.369	0.6	NonTarget	1	176369
176.469	0.6	NonTarget	1	176469
176.569	0.6	NonTarget	1	176569
176.669	0.6	NonTarget	1	176669
176.769	0.6	NonTarget	1	176769
176.869	0.6	NonTarget	1	176869
176.969	0.6	NonTarget	1	176969
177.069	0.6	NonTarget	1	177069
177.169	0.6	NonTarget	1	177169
177.269	0.6	NonTarget	1	177269
177.369	0.6	NonTarget	1	177369
177.469	0.6	NonTarget	1	177469
177.569	0.6	NonTarget	1	177569
177.669	0.6	NonTarget	1	177669
177.769	0.6	NonTarget	1	177769
177.869	0.6	NonTarget	1	177869
188.787	0.6	NonTarget	1	188787
188.887	0.6	NonTarget	1	188887
188.987	0.6	NonTarget	1	188987
189.087	0.6	NonTarget	1	189087
189.187	0.6	NonTarget	1	189187
189.287	0.6	NonTarget	1	189287
189.387	0.6	NonTarget	1	189387
189.487	0.6	NonTarget	1	189487
189.587	0.6	NonTarget	1	189587
189.687	0.6	NonTarget	1	189687
189.787	0.6	NonTarget	1	189787
189.887	0.6	NonTarget	1	189887
189.987	0.6	NonTarget	1	189987
190.087	0.6	NonTarget	1	190087
190.187	0.6	NonTarget	1	190187
190.287	0.6	NonTarget	1	190287
190.387	0.6	NonTarget	1	190387
190.487	0.6	NonTarget	1	190487
190.587	0.6	NonTarget	1	190587
190.687	0.6	NonTarget	1	190687
190.787	0.6	NonTarget	1	190787
190.887	0.6	Target	2	190887
190.987	0.6	NonTarget	1	190987
191.087	0.6	NonTarget	1	191087
191.187	0.6	NonTarget	1	191187
191.287	0.6	NonTarget	1	191287
191.387	0.6	NonTarget	1	191387
191.487	0.6	NonTarget	1	191487
191.587	0.6	NonTarget	1	191587
191.687	0.6	NonTarget	1	191687
191.787	0.6	NonTarget	1	191787
191.887	0.6	NonTarget	1	191887
191.987	0.6	NonTarget	1	191987
192.087	0.6	NonTarget	1	192087
192.187	0.6	NonTarget	1	192187
192.287	0.6	NonTarget	1	192287
192.387	0.6	NonTarget	1	192387
192.487	0.6	NonTarget	1	192487
192.587	0.6	NonTarget	1	192587
192.687	0.6	NonTarget	1	192687
192.787	0.6	NonTarget	1	192787
192.887	0.6	NonTarget	1	192887
192.987	0.6	NonTarget	1	192987
193.087	0.6	NonTarget	1	193087
193.187	0.6	Target	2	193187
193.287	0.6	NonTarget	1	193287
193.387	0.6	NonTarget	1	193387
193.487	0.6	NonTarget	1	193487
193.587	0.6	NonTarget	1	193587
193.687	0.6	NonTarget	1	193687
193.787	0.6	NonTarget	1	193787
193.887	0.6	NonTarget	1	193887
193.987	0.6	NonTarget	1	193987
194.087	0.6	NonTarget	1	194087
194.187	0.6	NonTarget	1	194187
194.287	0.6	NonTarget	1	194287
194.387	0.6	NonTarget	1	194387
194.487	0.6	NonTarget	1	194487
194.587	0.6	NonTarget	1	194587
194.687	0.6	NonTarget	1	194687
194.787	0.6	NonTarget	1	194787
194.887	0.6	NonTarget	1	194887
194.987	0.6	NonTarget	1	194987
195.087	0.6	NonTarget	1	195087
195.187	0.6	NonTarget	1	195187
195.287	0.6	NonTarget	1	195287
195.387	0.6	NonTarget	1	195387
195.487	0.6	NonTarget	1	195487
195.587	0.6	NonTarget	1	195587
195.687	0.6	NonTarget	1	195687
195.787	0.6	NonTarget	1	195787
195.887	0.6	NonTarget	1	195887
195.987	0.6	NonTarget	1	195987
196.087	0.6	NonTarget	1	196087
196.187	0.6	NonTarget	1	196187
196.287	0.6	NonTarget	1	196287
196.387	0.6	NonTarget	1	196387
196.487	0.6	NonTarget	1	196487
196.587	0.6	NonTarget	1	196587
196.687	0.6	NonTarget	1	196687
196.787	0.6	NonTarget	1	196787
196.887	0.6	NonTarget	1	196887
196.987	0.6	NonTarget	1	196987
197.087	0.6	Target	2	197087
197.187	0.6	NonTarget	1	197187
197.287	0.6	NonTarget	1	197287
197.387	0.6	NonTarget	1	197387
197.487	0.6	NonTarget	1	197487
197.587	0.6	NonTarget	1	197587
197.687	0.6	NonTarget	1	197687
197.787	0.6	NonTarget	1	197787
197.887	0.6	NonTarget	1	197887
197.987	0.6	NonTarget	1	197987
198.087	0.6	NonTarget	1	198087
198.187	0.6	NonTarget	1	198187
198.287	0.6	NonTarget	1	198287
198.387	0.6	NonTarget	1	198387
198.487	0.6	NonTarget	1	198487
198.587	0.6	NonTarget	1	198587
198.687	0.6	NonTarget	1	198687
198.787	0.6	NonTarget	1	198787
198.887	0.6	NonTarget	1	198887
198.987	0.6	NonTarget	1	198987
199.087	0.6	NonTarget	1	199087
199.187	0.6	NonTarget	1	199187
199.287	0.6	NonTarget	1	199287
199.387	0.6	NonTarget	1	199387
199.487	0.6	NonTarget	1	199487
199.587	0.6	NonTarget	1	199587
199.687	0.6	NonTarget	1	199687
199.787	0.6	Target	2	199787
199.887	0.6	NonTarget	1	199887
199.987	0.6	NonTarget	1	199987
200.087	0.6	NonTarget	1	200087
200.187	0.6	NonTarget	1	200187
200.287	0.6	NonTarget	1	200287
200.387	0.6	NonTarget	1	200387
200.487	0.6	NonTarget	1	200487
200.587	0.6	NonTarget	1	200587
200.687	0.6	NonTarget	1	200687
200.787	0.6	NonTarget	1	200787
200.887	0.6	NonTarget	1	200887
200.987	0.6	NonTarget	1	200987
201.087	0.6	NonTarget	1	201087
201.187	0.6	NonTarget	1	201187
201.287	0.6	NonTarget	1	201287
201.387	0.6	NonTarget	1	201387
201.487	0.6	NonTarget	1	201487
201.587	0.6	NonTarget	1	201587
201.687	0.6	NonTarget	1	201687
201.787	0.6	NonTarget	1	201787
201.887	0.6	NonTarget	1	201887
201.987	0.6	NonTarget	1	201987
202.087	0.6	NonTarget	1	202087
202.187	0.6	NonTarget	1	202187
202.287	0.6	NonTarget	1	202287
202.387	0.6	NonTarget	1	202387
202.487	0.6	NonTarget	1	202487
202.587	0.6	NonTarget	1	202587
202.687	0.6	NonTarget	1	202687
202.787	0.6	Target	2	202787
202.887	0.6	NonTarget	1	202887
202.987	0.6	NonTarget	1	202987
203.087	0.6	NonTarget	1	203087
203.187	0.6	NonTarget	1	203187
203.287	0.6	NonTarget	1	203287
203.387	0.6	NonTarget	1	203387
203.487	0.6	NonTarget	1	203487
203.587	0.6	NonTarget	1	203587
203.687	0.6	NonTarget	1	203687
203.787	0.6	NonTarget	1	203787
203.887	0.6	NonTarget	1	203887
203.987	0.6	NonTarget	1	203987
204.087	0.6	NonTarget	1	204087
204.187	0.6	NonTarget	1	204187
204.287	0.6	NonTarget	1	204287
204.387	0.6	NonTarget	1	204387
204.487	0.6	NonTarget	1	204487
204.587	0.6	NonTarget	1	204587
204.687	0.6	NonTarget	1	204687
204.787	0.6	NonTarget	1	204787
204.887	0.6	NonTarget	1	204887
204.987	0.6	NonTarget	1	204987
205.087	0.6	NonTarget	1	205087
205.187	0.6	NonTarget	1	205187
205.287	0.6	NonTarget	1	205287
205.387	0.6	NonTarget	1	205387
205.487	0.6	NonTarget	1	205487
205.587	0.6	NonTarget	1	205587
205.687	0.6	NonTarget	1	205687
205.787	0.6	NonTarget	1	205787
205.887	0.6	NonTarget	1	205887
205.987	0.6	NonTarget	1	205987
206.087	0.6	NonTarget	1	206087
206.187	0.6	NonTarget	1	206187
206.287	0.6	NonTarget	1	206287
206.387	0.6	NonTarget	1	206387
206.487	0.6	NonTarget	1	206487
206.587	0.6	NonTarget	1	206587
206.687	0.6	NonTarget	1	206687
206.787	0.6	NonTarget	1	206787
206.887	0.6	NonTarget	1	206887
206.987	0.6	NonTarget	1	206987
207.087	0.6	NonTarget	1	207087
207.187	0.6	NonTarget	1	207187
207.287	0.6	NonTarget	1	207287
207.387	0.6	NonTarget	1	207387
207.487	0.6	Target	2	207487
207.587	0.6	NonTarget	1	207587
207.687	0.6	NonTarget	1	207687
207.787	0.6	NonTarget	1	207787
207.887	0.6	NonTarget	1	207887
207.987	0.6	NonTarget	1	207987
208.087	0.6	NonTarget	1	208087
208.187	0.6	NonTarget	1	208187
208.287	0.6	NonTarget	1	208287
208.387	0.6	NonTarget	1	208387
208.487	0.6	NonTarget	1	208487
208.587	0.6	NonTarget	1	208587
208.687	0.6	NonTarget	1	208687
222.404	0.6	NonTarget	1	222404
222.503	0.6	NonTarget	1	222503
222.603	0.6	NonTarget	1	222603
222.703	0.6	NonTarget	1	222703
222.803	0.6	NonTarget	1	222803
222.903	0.6	NonTarget	1	222903
223.003	0.6	NonTarget	1	223003
223.103	0.6	NonTarget	1	223103
223.203	0.6	NonTarget	1	223203
223.303	0.6	NonTarget	1	223303
223.403	0.6	NonTarget	1	223403
223.503	0.6	NonTarget	1	223503
223.603	0.6	NonTarget	1	223603
223.703	0.6	NonTarget	1	223703
223.803	0.6	NonTarget	1	223803
223.903	0.6	NonTarget	1	223903
224.003	0.6	NonTarget	1	224003
224.103	0.6	NonTarget	1	224103
224.203	0.6	NonTarget	1	224203
224.303	0.6	NonTarget	1	224303
224.403	0.6	Target	2	224403
224.503	0.6	NonTarget	1	224503
224.603	0.6	NonTarget	1	224603
224.703	0.6	NonTarget	1	224703
224.803	0.6	NonTarget	1	224803
224.903	0.6	NonTarget	1	224903
225.003	0.6	NonTarget	1	225003
225.103	0.6	NonTarget	1	225103
225.203	0.6	NonTarget	1	225203
225.303	0.6	NonTarget	1	225303
225.403	0.6	NonTarget	1	225403
225.503	0.6	NonTarget	1	225503
225.603	0.6	NonTarget	1	225603
225.703	0.6	NonTarget	1	225703
225.803	0.6	NonTarget	1	225803
225.903	0.6	NonTarget	1	225903
226.003	0.6	NonTarget	1	226003
226.103	0.6	NonTarget	1	226103
226.203	0.6	NonTarget	1	226203
226.303	0.6	NonTarget	1	226303
226.403	0.6	NonTarget	1	226403
226.503	0.6	NonTarget	1	226503
226.603	0.6	NonTarget	1	226603
226.703	0.6	NonTarget	1	226703
226.803	0.6	Target	2	226803
226.903	0.6	NonTarget	1	226903
227.003	0.6	NonTarget	1	227003
227.103	0.6	NonTarget	1	227103
227.203	0.6	NonTarget	1	227203
227.303	0.6	NonTarget	1	227303
227.403	0.6	NonTarget	1	227403
227.503	0.6	NonTarget	1	227503
227.603	0.6	NonTarget	1	227603
227.703	0.6	NonTarget	1	227703
227.803	0.6	NonTarget	1	227803
227.903	0.6	NonTarget	1	227903
228.003	0.6	NonTarget	1	228003
228.103	0.6	NonTarget	1	228103
228.203	0.6	NonTarget	1	228203
228.303	0.6	NonTarget	1	228303
228.403	0.6	NonTarget	1	228403
228.503	0.6	NonTarget	1	228503
228.603	0.6	NonTarget	1	228603
228.703	0.6	NonTarget	1	228703
228.803	0.6	NonTarget	1	228803
228.903	0.6	NonTarget	1	228903
229.003	0.6	NonTarget	1	229003
229.103	0.6	NonTarget	1	229103
229.203	0.6	NonTarget	1	229203
229.303	0.6	NonTarget	1	229303
229.403	0.6	NonTarget	1	229403
229.503	0.6	NonTarget	1	229503
229.603	0.6	NonTarget	1	229603
229.703	0.6	NonTarget	1	229703
229.803	0.6	NonTarget	1	229803
229.903	0.6	NonTarget	1	229903
230.003	0.6	NonTarget	1	230003
230.103	0.6	NonTarget	1	230103
230.203	0.6	NonTarget	1	230203
230.303	0.6	NonTarget	1	230303
230.403	0.6	NonTarget	1	230403
230.503	0.6	NonTarget	1	230503
230.603	0.6	NonTarget	1	230603
230.703	0.6	NonTarget	1	230703
230.803	0.6	NonTarget	1	230803
230.903	0.6	NonTarget	1	230903
231.003	0.6	Target	2	231003
231.103	0.6	NonTarget	1	231103
231.203	0.6	NonTarget	1	231203
231.303	0.6	NonTarget	1	231303
231.403	0.6	NonTarget	1	231403
231.503	0.6	NonTarget	1	231503
231.603	0.6	NonTarget	1	231603
231.703	0.6	NonTarget	1	231703
231.803	0.6	NonTarget	1	231803
231.903	0.6	NonTarget	1	231903
232.003	0.6	NonTarget	1	232003
232.103	0.6	NonTarget	1	232103
232.203	0.6	NonTarget	1	232203
232.303	0.6	NonTarget	1	232303
232.403	0.6	NonTarget	1	232403
232.503	0.6	NonTarget	1	232503
232.603	0.6	NonTarget	1	232603
232.703	0.6	NonTarget	1	232703
232.803	0.6	NonTarget	1	232803
232.903	0.6	NonTarget	1	232903
233.003	0.6	NonTarget	1	233003
233.103	0.6	NonTarget	1	233103
233.203	0.6	NonTarget	1	233203
233.303	0.6	NonTarget	1	233303
233.403	0.6	NonTarget	1	233403
233.503	0.6	Target	2	233503
233.603	0.6	NonTarget	1	233603
233.703	0.6	NonTarget	1	233703
233.803	0.6	NonTarget	1	233803
233.903	0.6	NonTarget	1	233903
234.003	0.6	NonTarget	1	234003
234.103	0.6	NonTarget	1	234103
234.203	0.6	NonTarget	1	234203
234.303	0.6	NonTarget	1	234303
234.403	0.6	NonTarget	1	234403
234.503	0.6	NonTarget	1	234503
234.603	0.6	NonTarget	1	234603
234.703	0.6	NonTarget	1	234703
234.803	0.6	NonTarget	1	234803
234.903	0.6	NonTarget	1	234903
235.003	0.6	NonTarget	1	235003
235.103	0.6	NonTarget	1	235103
235.203	0.6	NonTarget	1	235203
235.303	0.6	NonTarget	1	235303
235.403	0.6	NonTarget	1	235403
235.503	0.6	NonTarget	1	235503
235.603	0.6	NonTarget	1	235603
235.703	0.6	NonTarget	1	235703
235.803	0.6	NonTarget	1	235803
235.903	0.6	NonTarget	1	235903
236.003	0.6	NonTarget	1	236003
236.103	0.6	Target	2	236103
236.203	0.6	NonTarget	1	236203
236.303	0.6	NonTarget	1	236303
236.403	0.6	NonTarget	1	236403
236.503	0.6	NonTarget	1	236503
236.603	0.6	NonTarget	1	236603
236.703	0.6	NonTarget	1	236703
236.803	0.6	NonTarget	1	236803
236.903	0.6	NonTarget	1	236903
237.003	0.6	NonTarget	1	237003
237.103	0.6	NonTarget	1	237103
237.203	0.6	NonTarget	1	237203
237.303	0.6	NonTarget	1	237303
237.403	0.6	NonTarget	1	237403
237.503	0.6	NonTarget	1	237503
237.603	0.6	NonTarget	1	237603
237.703	0.6	NonTarget	1	237703
237.803	0.6	NonTarget	1	237803
237.903	0.6	NonTarget	1	237903
238.003	0.6	NonTarget	1	238003
238.103	0.6	NonTarget	1	238103
238.203	0.6	NonTarget	1	238203
238.303	0.6	NonTarget	1	238303
238.403	0.6	NonTarget	1	238403
238.503	0.6	NonTarget	1	238503
238.603	0.6	NonTarget	1	238603
238.703	0.6	NonTarget	1	238703
238.803	0.6	NonTarget	1	238803
238.903	0.6	NonTarget	1	238903
239.003	0.6	NonTarget	1	239003
239.103	0.6	NonTarget	1	239103
239.203	0.6	NonTarget	1	239203
239.303	0.6	NonTarget	1	239303
239.404	0.6	NonTarget	1	239404
239.504	0.6	NonTarget	1	239504
239.603	0.6	NonTarget	1	239603
239.704	0.6	NonTarget	1	239704
239.803	0.6	NonTarget	1	239803
239.903	0.6	NonTarget	1	239903
240.003	0.6	NonTarget	1	240003
240.103	0.6	NonTarget	1	240103
240.203	0.6	NonTarget	1	240203
240.304	0.6	NonTarget	1	240304
240.403	0.6	NonTarget	1	240403
240.504	0.6	NonTarget	1	240504
240.604	0.6	NonTarget	1	240604
240.703	0.6	NonTarget	1	240703
240.804	0.6	NonTarget	1	240804
240.904	0.6	NonTarget	1	240904
241.003	0.6	NonTarget	1	241003
241.104	0.6	Target	2	241104
241.204	0.6	NonTarget	1	241204
241.303	0.6	NonTarget	1	241303
241.403	0.6	NonTarget	1	241403
241.504	0.6	NonTarget	1	241504
241.604	0.6	NonTarget	1	241604
241.703	0.6	NonTarget	1	241703
241.804	0.6	NonTarget	1	241804
241.904	0.6	NonTarget	1	241904
242.003	0.6	NonTarget	1	242003
242.104	0.6	NonTarget	1	242104
242.203	0.6	NonTarget	1	242203
242.304	0.6	NonTarget	1	242304
