onset	duration	trial_type	value	sample
2.239	n/a	NonTarget	1	2239
2.333	n/a	NonTarget	1	2333
2.433	n/a	NonTarget	1	2433
2.533	n/a	NonTarget	1	2533
2.633	n/a	NonTarget	1	2633
2.733	n/a	NonTarget	1	2733
2.833	n/a	NonTarget	1	2833
2.933	n/a	NonTarget	1	2933
3.033	n/a	NonTarget	1	3033
3.133	n/a	NonTarget	1	3133
3.233	n/a	NonTarget	1	3233
3.333	n/a	NonTarget	1	3333
3.433	n/a	NonTarget	1	3433
3.533	n/a	NonTarget	1	3533
3.633	n/a	NonTarget	1	3633
3.733	n/a	NonTarget	1	3733
3.833	n/a	NonTarget	1	3833
3.933	n/a	NonTarget	1	3933
4.033	n/a	NonTarget	1	4033
4.133	n/a	NonTarget	1	4133
4.233	n/a	NonTarget	1	4233
4.333	n/a	NonTarget	1	4333
4.433	n/a	NonTarget	1	4433
4.533	n/a	NonTarget	1	4533
4.633	n/a	NonTarget	1	4633
4.733	n/a	NonTarget	1	4733
4.833	n/a	NonTarget	1	4833
4.934	n/a	NonTarget	1	4934
5.034	n/a	NonTarget	1	5034
5.134	n/a	NonTarget	1	5134
5.234	n/a	NonTarget	1	5234
5.334	n/a	NonTarget	1	5334
5.434	n/a	NonTarget	1	5434
5.534	n/a	NonTarget	1	5534
5.634	n/a	NonTarget	1	5634
5.734	n/a	NonTarget	1	5734
5.834	n/a	NonTarget	1	5834
5.934	n/a	NonTarget	1	5934
6.034	n/a	NonTarget	1	6034
6.134	n/a	NonTarget	1	6134
6.234	n/a	NonTarget	1	6234
6.334	n/a	NonTarget	1	6334
6.434	n/a	NonTarget	1	6434
6.534	n/a	NonTarget	1	6534
6.634	n/a	NonTarget	1	6634
6.734	n/a	NonTarget	1	6734
6.834	n/a	NonTarget	1	6834
6.934	n/a	NonTarget	1	6934
7.034	n/a	NonTarget	1	7034
7.134	n/a	NonTarget	1	7134
7.234	n/a	NonTarget	1	7234
7.334	n/a	NonTarget	1	7334
7.434	n/a	NonTarget	1	7434
7.534	n/a	NonTarget	1	7534
7.634	n/a	NonTarget	1	7634
7.734	n/a	NonTarget	1	7734
7.834	n/a	NonTarget	1	7834
7.934	n/a	NonTarget	1	7934
8.034	n/a	NonTarget	1	8034
8.134	n/a	NonTarget	1	8134
8.234	n/a	NonTarget	1	8234
8.334	n/a	NonTarget	1	8334
8.434	n/a	NonTarget	1	8434
8.534	n/a	NonTarget	1	8534
8.634	n/a	NonTarget	1	8634
8.734	n/a	NonTarget	1	8734
8.834	n/a	NonTarget	1	8834
8.934	n/a	NonTarget	1	8934
9.034	n/a	NonTarget	1	9034
9.134	n/a	NonTarget	1	9134
9.234	n/a	NonTarget	1	9234
9.334	n/a	NonTarget	1	9334
9.434	n/a	Target	2	9434
9.534	n/a	NonTarget	1	9534
9.634	n/a	NonTarget	1	9634
9.734	n/a	NonTarget	1	9734
9.834	n/a	NonTarget	1	9834
9.934	n/a	NonTarget	1	9934
10.034	n/a	NonTarget	1	10034
10.134	n/a	NonTarget	1	10134
10.234	n/a	NonTarget	1	10234
10.334	n/a	NonTarget	1	10334
10.434	n/a	NonTarget	1	10434
10.534	n/a	NonTarget	1	10534
10.634	n/a	NonTarget	1	10634
10.734	n/a	NonTarget	1	10734
10.834	n/a	NonTarget	1	10834
10.934	n/a	NonTarget	1	10934
11.034	n/a	NonTarget	1	11034
11.134	n/a	NonTarget	1	11134
11.234	n/a	NonTarget	1	11234
11.334	n/a	NonTarget	1	11334
11.434	n/a	NonTarget	1	11434
11.534	n/a	NonTarget	1	11534
11.634	n/a	Target	2	11634
11.734	n/a	NonTarget	1	11734
11.834	n/a	NonTarget	1	11834
11.934	n/a	NonTarget	1	11934
12.034	n/a	NonTarget	1	12034
12.134	n/a	NonTarget	1	12134
12.234	n/a	NonTarget	1	12234
12.334	n/a	NonTarget	1	12334
12.434	n/a	NonTarget	1	12434
12.534	n/a	NonTarget	1	12534
12.634	n/a	NonTarget	1	12634
12.734	n/a	NonTarget	1	12734
12.834	n/a	NonTarget	1	12834
12.934	n/a	NonTarget	1	12934
13.034	n/a	NonTarget	1	13034
13.134	n/a	NonTarget	1	13134
13.234	n/a	NonTarget	1	13234
13.334	n/a	NonTarget	1	13334
13.434	n/a	NonTarget	1	13434
13.534	n/a	NonTarget	1	13534
13.634	n/a	NonTarget	1	13634
13.734	n/a	NonTarget	1	13734
13.834	n/a	NonTarget	1	13834
13.934	n/a	NonTarget	1	13934
14.034	n/a	NonTarget	1	14034
14.134	n/a	NonTarget	1	14134
14.234	n/a	NonTarget	1	14234
14.334	n/a	NonTarget	1	14334
14.434	n/a	NonTarget	1	14434
14.534	n/a	NonTarget	1	14534
14.634	n/a	NonTarget	1	14634
14.734	n/a	NonTarget	1	14734
14.834	n/a	NonTarget	1	14834
14.934	n/a	NonTarget	1	14934
15.034	n/a	NonTarget	1	15034
15.134	n/a	NonTarget	1	15134
15.234	n/a	NonTarget	1	15234
15.334	n/a	NonTarget	1	15334
15.434	n/a	NonTarget	1	15434
15.534	n/a	NonTarget	1	15534
15.634	n/a	NonTarget	1	15634
15.734	n/a	NonTarget	1	15734
15.834	n/a	NonTarget	1	15834
15.934	n/a	NonTarget	1	15934
16.034	n/a	NonTarget	1	16034
16.134	n/a	NonTarget	1	16134
16.234	n/a	Target	2	16234
16.334	n/a	NonTarget	1	16334
16.434	n/a	NonTarget	1	16434
16.534	n/a	NonTarget	1	16534
16.634	n/a	NonTarget	1	16634
16.734	n/a	NonTarget	1	16734
16.834	n/a	NonTarget	1	16834
16.934	n/a	NonTarget	1	16934
17.034	n/a	NonTarget	1	17034
17.134	n/a	NonTarget	1	17134
17.234	n/a	NonTarget	1	17234
17.334	n/a	NonTarget	1	17334
17.434	n/a	NonTarget	1	17434
17.534	n/a	NonTarget	1	17534
17.634	n/a	NonTarget	1	17634
17.734	n/a	NonTarget	1	17734
17.834	n/a	NonTarget	1	17834
17.934	n/a	NonTarget	1	17934
18.034	n/a	NonTarget	1	18034
18.134	n/a	NonTarget	1	18134
18.234	n/a	NonTarget	1	18234
18.334	n/a	NonTarget	1	18334
18.434	n/a	NonTarget	1	18434
18.534	n/a	NonTarget	1	18534
18.634	n/a	NonTarget	1	18634
18.734	n/a	NonTarget	1	18734
18.834	n/a	NonTarget	1	18834
18.934	n/a	NonTarget	1	18934
19.034	n/a	NonTarget	1	19034
19.134	n/a	NonTarget	1	19134
19.234	n/a	NonTarget	1	19234
19.334	n/a	NonTarget	1	19334
19.434	n/a	Target	2	19434
19.534	n/a	NonTarget	1	19534
19.634	n/a	NonTarget	1	19634
19.734	n/a	NonTarget	1	19734
19.834	n/a	NonTarget	1	19834
19.934	n/a	NonTarget	1	19934
20.034	n/a	NonTarget	1	20034
20.134	n/a	NonTarget	1	20134
20.234	n/a	NonTarget	1	20234
20.334	n/a	NonTarget	1	20334
20.434	n/a	NonTarget	1	20434
20.534	n/a	NonTarget	1	20534
20.634	n/a	NonTarget	1	20634
20.734	n/a	NonTarget	1	20734
20.834	n/a	NonTarget	1	20834
20.934	n/a	NonTarget	1	20934
21.034	n/a	NonTarget	1	21034
21.134	n/a	NonTarget	1	21134
21.234	n/a	NonTarget	1	21234
21.334	n/a	NonTarget	1	21334
21.434	n/a	NonTarget	1	21434
21.534	n/a	NonTarget	1	21534
21.634	n/a	NonTarget	1	21634
21.734	n/a	NonTarget	1	21734
21.834	n/a	NonTarget	1	21834
21.934	n/a	NonTarget	1	21934
22.034	n/a	NonTarget	1	22034
22.134	n/a	NonTarget	1	22134
28.034	n/a	NonTarget	1	28034
28.134	n/a	NonTarget	1	28134
28.234	n/a	NonTarget	1	28234
28.334	n/a	NonTarget	1	28334
28.434	n/a	NonTarget	1	28434
28.534	n/a	NonTarget	1	28534
28.634	n/a	NonTarget	1	28634
28.734	n/a	NonTarget	1	28734
28.834	n/a	NonTarget	1	28834
28.934	n/a	NonTarget	1	28934
29.034	n/a	NonTarget	1	29034
29.134	n/a	NonTarget	1	29134
29.234	n/a	NonTarget	1	29234
29.334	n/a	NonTarget	1	29334
29.434	n/a	NonTarget	1	29434
29.534	n/a	NonTarget	1	29534
29.634	n/a	NonTarget	1	29634
29.734	n/a	NonTarget	1	29734
29.834	n/a	NonTarget	1	29834
29.934	n/a	NonTarget	1	29934
30.034	n/a	NonTarget	1	30034
30.134	n/a	NonTarget	1	30134
30.234	n/a	NonTarget	1	30234
30.334	n/a	NonTarget	1	30334
30.434	n/a	NonTarget	1	30434
30.534	n/a	NonTarget	1	30534
30.634	n/a	NonTarget	1	30634
30.734	n/a	NonTarget	1	30734
30.834	n/a	NonTarget	1	30834
30.934	n/a	NonTarget	1	30934
31.034	n/a	NonTarget	1	31034
31.134	n/a	NonTarget	1	31134
31.234	n/a	NonTarget	1	31234
31.334	n/a	NonTarget	1	31334
31.434	n/a	NonTarget	1	31434
31.534	n/a	NonTarget	1	31534
31.634	n/a	Target	2	31634
31.734	n/a	NonTarget	1	31734
31.834	n/a	NonTarget	1	31834
31.934	n/a	NonTarget	1	31934
32.034	n/a	NonTarget	1	32034
32.134	n/a	NonTarget	1	32134
32.234	n/a	NonTarget	1	32234
32.334	n/a	NonTarget	1	32334
32.434	n/a	NonTarget	1	32434
32.534	n/a	NonTarget	1	32534
32.634	n/a	NonTarget	1	32634
32.734	n/a	NonTarget	1	32734
32.834	n/a	NonTarget	1	32834
32.934	n/a	NonTarget	1	32934
33.034	n/a	NonTarget	1	33034
33.134	n/a	NonTarget	1	33134
33.234	n/a	NonTarget	1	33234
33.334	n/a	NonTarget	1	33334
33.434	n/a	NonTarget	1	33434
33.534	n/a	NonTarget	1	33534
33.634	n/a	NonTarget	1	33634
33.734	n/a	NonTarget	1	33734
33.834	n/a	NonTarget	1	33834
33.934	n/a	NonTarget	1	33934
34.034	n/a	NonTarget	1	34034
34.134	n/a	NonTarget	1	34134
34.234	n/a	NonTarget	1	34234
34.334	n/a	NonTarget	1	34334
34.434	n/a	NonTarget	1	34434
34.534	n/a	NonTarget	1	34534
34.634	n/a	NonTarget	1	34634
34.734	n/a	NonTarget	1	34734
34.834	n/a	NonTarget	1	34834
34.934	n/a	NonTarget	1	34934
35.034	n/a	Target	2	35034
35.134	n/a	NonTarget	1	35134
35.234	n/a	NonTarget	1	35234
35.334	n/a	NonTarget	1	35334
35.434	n/a	NonTarget	1	35434
35.534	n/a	NonTarget	1	35534
35.634	n/a	NonTarget	1	35634
35.734	n/a	NonTarget	1	35734
35.834	n/a	NonTarget	1	35834
35.934	n/a	NonTarget	1	35934
36.034	n/a	NonTarget	1	36034
36.134	n/a	NonTarget	1	36134
36.234	n/a	NonTarget	1	36234
36.334	n/a	NonTarget	1	36334
36.434	n/a	NonTarget	1	36434
36.534	n/a	NonTarget	1	36534
36.634	n/a	NonTarget	1	36634
36.734	n/a	NonTarget	1	36734
36.834	n/a	NonTarget	1	36834
36.934	n/a	NonTarget	1	36934
37.034	n/a	NonTarget	1	37034
37.134	n/a	NonTarget	1	37134
37.234	n/a	NonTarget	1	37234
37.334	n/a	NonTarget	1	37334
37.434	n/a	NonTarget	1	37434
37.534	n/a	NonTarget	1	37534
37.634	n/a	NonTarget	1	37634
37.734	n/a	NonTarget	1	37734
37.834	n/a	NonTarget	1	37834
37.934	n/a	NonTarget	1	37934
38.034	n/a	NonTarget	1	38034
38.134	n/a	NonTarget	1	38134
38.234	n/a	NonTarget	1	38234
38.334	n/a	NonTarget	1	38334
38.434	n/a	NonTarget	1	38434
38.534	n/a	NonTarget	1	38534
38.634	n/a	NonTarget	1	38634
38.734	n/a	NonTarget	1	38734
38.834	n/a	NonTarget	1	38834
38.934	n/a	NonTarget	1	38934
39.034	n/a	NonTarget	1	39034
39.134	n/a	NonTarget	1	39134
39.234	n/a	NonTarget	1	39234
39.334	n/a	NonTarget	1	39334
39.434	n/a	NonTarget	1	39434
39.534	n/a	NonTarget	1	39534
39.634	n/a	NonTarget	1	39634
39.734	n/a	NonTarget	1	39734
39.834	n/a	NonTarget	1	39834
39.934	n/a	NonTarget	1	39934
40.034	n/a	NonTarget	1	40034
40.134	n/a	NonTarget	1	40134
40.234	n/a	NonTarget	1	40234
40.334	n/a	NonTarget	1	40334
40.434	n/a	NonTarget	1	40434
40.534	n/a	NonTarget	1	40534
40.634	n/a	Target	2	40634
40.734	n/a	NonTarget	1	40734
40.834	n/a	NonTarget	1	40834
40.934	n/a	NonTarget	1	40934
41.034	n/a	NonTarget	1	41034
41.134	n/a	NonTarget	1	41134
41.234	n/a	NonTarget	1	41234
41.334	n/a	NonTarget	1	41334
41.434	n/a	NonTarget	1	41434
41.534	n/a	NonTarget	1	41534
41.634	n/a	NonTarget	1	41634
41.734	n/a	NonTarget	1	41734
41.834	n/a	NonTarget	1	41834
41.934	n/a	NonTarget	1	41934
42.034	n/a	NonTarget	1	42034
42.134	n/a	NonTarget	1	42134
42.234	n/a	NonTarget	1	42234
42.334	n/a	NonTarget	1	42334
42.434	n/a	NonTarget	1	42434
42.534	n/a	NonTarget	1	42534
42.634	n/a	NonTarget	1	42634
42.734	n/a	NonTarget	1	42734
42.834	n/a	NonTarget	1	42834
42.934	n/a	NonTarget	1	42934
43.034	n/a	NonTarget	1	43034
43.134	n/a	NonTarget	1	43134
43.234	n/a	NonTarget	1	43234
43.334	n/a	NonTarget	1	43334
43.434	n/a	NonTarget	1	43434
43.534	n/a	NonTarget	1	43534
43.634	n/a	NonTarget	1	43634
43.734	n/a	Target	2	43734
43.834	n/a	NonTarget	1	43834
43.934	n/a	NonTarget	1	43934
44.034	n/a	NonTarget	1	44034
44.134	n/a	NonTarget	1	44134
44.234	n/a	NonTarget	1	44234
44.334	n/a	NonTarget	1	44334
44.434	n/a	NonTarget	1	44434
44.534	n/a	NonTarget	1	44534
44.634	n/a	NonTarget	1	44634
44.734	n/a	NonTarget	1	44734
44.834	n/a	NonTarget	1	44834
44.934	n/a	NonTarget	1	44934
45.034	n/a	NonTarget	1	45034
45.134	n/a	NonTarget	1	45134
45.234	n/a	NonTarget	1	45234
45.334	n/a	NonTarget	1	45334
45.434	n/a	NonTarget	1	45434
45.534	n/a	NonTarget	1	45534
45.634	n/a	NonTarget	1	45634
45.734	n/a	NonTarget	1	45734
45.834	n/a	NonTarget	1	45834
45.934	n/a	NonTarget	1	45934
46.034	n/a	NonTarget	1	46034
46.134	n/a	NonTarget	1	46134
46.234	n/a	NonTarget	1	46234
46.334	n/a	NonTarget	1	46334
46.434	n/a	NonTarget	1	46434
46.534	n/a	NonTarget	1	46534
46.634	n/a	NonTarget	1	46634
46.734	n/a	Target	2	46734
46.834	n/a	NonTarget	1	46834
46.934	n/a	NonTarget	1	46934
47.034	n/a	NonTarget	1	47034
47.134	n/a	NonTarget	1	47134
47.234	n/a	NonTarget	1	47234
47.334	n/a	NonTarget	1	47334
47.434	n/a	NonTarget	1	47434
47.534	n/a	NonTarget	1	47534
47.634	n/a	NonTarget	1	47634
47.734	n/a	NonTarget	1	47734
47.834	n/a	NonTarget	1	47834
47.934	n/a	NonTarget	1	47934
53.768	n/a	NonTarget	1	53768
53.867	n/a	NonTarget	1	53867
53.967	n/a	NonTarget	1	53967
54.067	n/a	NonTarget	1	54067
54.167	n/a	NonTarget	1	54167
54.267	n/a	NonTarget	1	54267
54.367	n/a	NonTarget	1	54367
54.467	n/a	NonTarget	1	54467
54.567	n/a	NonTarget	1	54567
54.667	n/a	NonTarget	1	54667
54.767	n/a	NonTarget	1	54767
54.867	n/a	NonTarget	1	54867
54.967	n/a	NonTarget	1	54967
55.067	n/a	NonTarget	1	55067
55.167	n/a	NonTarget	1	55167
55.267	n/a	NonTarget	1	55267
55.367	n/a	NonTarget	1	55367
55.467	n/a	NonTarget	1	55467
55.567	n/a	NonTarget	1	55567
55.667	n/a	NonTarget	1	55667
55.767	n/a	NonTarget	1	55767
55.867	n/a	NonTarget	1	55867
55.967	n/a	NonTarget	1	55967
56.067	n/a	NonTarget	1	56067
56.167	n/a	NonTarget	1	56167
56.267	n/a	NonTarget	1	56267
56.367	n/a	NonTarget	1	56367
56.467	n/a	NonTarget	1	56467
56.567	n/a	NonTarget	1	56567
56.667	n/a	NonTarget	1	56667
56.767	n/a	Target	2	56767
56.867	n/a	NonTarget	1	56867
56.967	n/a	NonTarget	1	56967
57.067	n/a	NonTarget	1	57067
57.167	n/a	NonTarget	1	57167
57.267	n/a	NonTarget	1	57267
57.367	n/a	NonTarget	1	57367
57.467	n/a	NonTarget	1	57467
57.567	n/a	NonTarget	1	57567
57.667	n/a	NonTarget	1	57667
57.767	n/a	NonTarget	1	57767
57.867	n/a	NonTarget	1	57867
57.967	n/a	NonTarget	1	57967
58.067	n/a	NonTarget	1	58067
58.167	n/a	NonTarget	1	58167
58.267	n/a	NonTarget	1	58267
58.367	n/a	NonTarget	1	58367
58.467	n/a	NonTarget	1	58467
58.567	n/a	NonTarget	1	58567
58.667	n/a	NonTarget	1	58667
58.767	n/a	Target	2	58767
58.867	n/a	NonTarget	1	58867
58.967	n/a	NonTarget	1	58967
59.067	n/a	NonTarget	1	59067
59.167	n/a	NonTarget	1	59167
59.267	n/a	NonTarget	1	59267
59.367	n/a	NonTarget	1	59367
59.467	n/a	NonTarget	1	59467
59.567	n/a	NonTarget	1	59567
59.667	n/a	NonTarget	1	59667
59.767	n/a	NonTarget	1	59767
59.867	n/a	NonTarget	1	59867
59.967	n/a	NonTarget	1	59967
60.067	n/a	NonTarget	1	60067
60.167	n/a	NonTarget	1	60167
60.267	n/a	NonTarget	1	60267
60.367	n/a	NonTarget	1	60367
60.467	n/a	NonTarget	1	60467
60.567	n/a	NonTarget	1	60567
60.667	n/a	NonTarget	1	60667
60.767	n/a	NonTarget	1	60767
60.867	n/a	NonTarget	1	60867
60.967	n/a	NonTarget	1	60967
61.067	n/a	NonTarget	1	61067
61.167	n/a	NonTarget	1	61167
61.267	n/a	NonTarget	1	61267
61.367	n/a	NonTarget	1	61367
61.467	n/a	NonTarget	1	61467
61.567	n/a	NonTarget	1	61567
61.667	n/a	NonTarget	1	61667
61.767	n/a	NonTarget	1	61767
61.867	n/a	NonTarget	1	61867
61.967	n/a	NonTarget	1	61967
62.067	n/a	Target	2	62067
62.167	n/a	NonTarget	1	62167
62.268	n/a	NonTarget	1	62268
62.367	n/a	NonTarget	1	62367
62.467	n/a	NonTarget	1	62467
62.567	n/a	NonTarget	1	62567
62.667	n/a	NonTarget	1	62667
62.767	n/a	NonTarget	1	62767
62.867	n/a	NonTarget	1	62867
62.967	n/a	NonTarget	1	62967
63.067	n/a	NonTarget	1	63067
63.167	n/a	NonTarget	1	63167
63.267	n/a	NonTarget	1	63267
63.367	n/a	NonTarget	1	63367
63.467	n/a	NonTarget	1	63467
63.567	n/a	NonTarget	1	63567
63.667	n/a	NonTarget	1	63667
63.767	n/a	NonTarget	1	63767
63.867	n/a	NonTarget	1	63867
63.967	n/a	NonTarget	1	63967
64.067	n/a	Target	2	64067
64.167	n/a	NonTarget	1	64167
64.267	n/a	NonTarget	1	64267
64.367	n/a	NonTarget	1	64367
64.467	n/a	NonTarget	1	64467
64.567	n/a	NonTarget	1	64567
64.667	n/a	NonTarget	1	64667
64.767	n/a	NonTarget	1	64767
64.867	n/a	NonTarget	1	64867
64.967	n/a	NonTarget	1	64967
65.068	n/a	NonTarget	1	65068
65.167	n/a	NonTarget	1	65167
65.267	n/a	NonTarget	1	65267
65.368	n/a	NonTarget	1	65368
65.467	n/a	NonTarget	1	65467
65.567	n/a	NonTarget	1	65567
65.667	n/a	NonTarget	1	65667
65.768	n/a	NonTarget	1	65768
65.868	n/a	NonTarget	1	65868
65.967	n/a	NonTarget	1	65967
66.067	n/a	NonTarget	1	66067
66.167	n/a	NonTarget	1	66167
66.268	n/a	NonTarget	1	66268
66.368	n/a	NonTarget	1	66368
66.467	n/a	NonTarget	1	66467
66.568	n/a	NonTarget	1	66568
66.667	n/a	NonTarget	1	66667
66.767	n/a	Target	2	66767
66.868	n/a	NonTarget	1	66868
66.967	n/a	NonTarget	1	66967
67.068	n/a	NonTarget	1	67068
67.168	n/a	NonTarget	1	67168
67.268	n/a	NonTarget	1	67268
67.368	n/a	NonTarget	1	67368
67.468	n/a	NonTarget	1	67468
67.568	n/a	NonTarget	1	67568
67.668	n/a	NonTarget	1	67668
67.768	n/a	NonTarget	1	67768
67.868	n/a	NonTarget	1	67868
67.968	n/a	NonTarget	1	67968
68.068	n/a	NonTarget	1	68068
68.167	n/a	NonTarget	1	68167
68.267	n/a	NonTarget	1	68267
68.368	n/a	NonTarget	1	68368
68.468	n/a	NonTarget	1	68468
68.568	n/a	NonTarget	1	68568
68.668	n/a	NonTarget	1	68668
68.768	n/a	NonTarget	1	68768
68.868	n/a	NonTarget	1	68868
68.968	n/a	NonTarget	1	68968
69.068	n/a	NonTarget	1	69068
69.168	n/a	NonTarget	1	69168
69.268	n/a	NonTarget	1	69268
69.368	n/a	NonTarget	1	69368
69.468	n/a	NonTarget	1	69468
69.568	n/a	NonTarget	1	69568
69.667	n/a	NonTarget	1	69667
69.768	n/a	NonTarget	1	69768
69.868	n/a	NonTarget	1	69868
69.968	n/a	NonTarget	1	69968
70.068	n/a	NonTarget	1	70068
70.168	n/a	NonTarget	1	70168
70.268	n/a	NonTarget	1	70268
70.368	n/a	NonTarget	1	70368
70.468	n/a	Target	2	70468
70.568	n/a	NonTarget	1	70568
70.668	n/a	NonTarget	1	70668
70.768	n/a	NonTarget	1	70768
70.868	n/a	NonTarget	1	70868
70.968	n/a	NonTarget	1	70968
71.068	n/a	NonTarget	1	71068
71.168	n/a	NonTarget	1	71168
71.268	n/a	NonTarget	1	71268
71.368	n/a	NonTarget	1	71368
71.468	n/a	NonTarget	1	71468
71.568	n/a	NonTarget	1	71568
71.668	n/a	NonTarget	1	71668
71.768	n/a	NonTarget	1	71768
71.868	n/a	NonTarget	1	71868
71.968	n/a	NonTarget	1	71968
72.068	n/a	NonTarget	1	72068
72.168	n/a	NonTarget	1	72168
72.268	n/a	NonTarget	1	72268
72.368	n/a	NonTarget	1	72368
72.468	n/a	NonTarget	1	72468
72.568	n/a	NonTarget	1	72568
72.668	n/a	NonTarget	1	72668
72.768	n/a	NonTarget	1	72768
72.868	n/a	NonTarget	1	72868
72.968	n/a	NonTarget	1	72968
73.068	n/a	NonTarget	1	73068
73.168	n/a	NonTarget	1	73168
73.268	n/a	NonTarget	1	73268
73.368	n/a	NonTarget	1	73368
73.468	n/a	NonTarget	1	73468
73.568	n/a	NonTarget	1	73568
73.668	n/a	NonTarget	1	73668
79.601	n/a	NonTarget	1	79601
79.701	n/a	NonTarget	1	79701
79.801	n/a	NonTarget	1	79801
79.901	n/a	NonTarget	1	79901
80.001	n/a	NonTarget	1	80001
80.101	n/a	NonTarget	1	80101
80.201	n/a	NonTarget	1	80201
80.301	n/a	NonTarget	1	80301
80.401	n/a	NonTarget	1	80401
80.501	n/a	NonTarget	1	80501
80.601	n/a	NonTarget	1	80601
80.701	n/a	NonTarget	1	80701
80.801	n/a	NonTarget	1	80801
80.901	n/a	NonTarget	1	80901
81.001	n/a	NonTarget	1	81001
81.101	n/a	NonTarget	1	81101
81.201	n/a	NonTarget	1	81201
81.301	n/a	NonTarget	1	81301
81.401	n/a	NonTarget	1	81401
81.501	n/a	NonTarget	1	81501
81.601	n/a	NonTarget	1	81601
81.701	n/a	NonTarget	1	81701
81.801	n/a	NonTarget	1	81801
81.901	n/a	NonTarget	1	81901
82.001	n/a	NonTarget	1	82001
82.101	n/a	NonTarget	1	82101
82.201	n/a	NonTarget	1	82201
82.301	n/a	NonTarget	1	82301
82.401	n/a	NonTarget	1	82401
82.501	n/a	NonTarget	1	82501
82.601	n/a	NonTarget	1	82601
82.701	n/a	NonTarget	1	82701
82.801	n/a	NonTarget	1	82801
82.901	n/a	NonTarget	1	82901
83.001	n/a	NonTarget	1	83001
83.101	n/a	NonTarget	1	83101
83.201	n/a	NonTarget	1	83201
83.301	n/a	NonTarget	1	83301
83.401	n/a	Target	2	83401
83.501	n/a	NonTarget	1	83501
83.601	n/a	NonTarget	1	83601
83.701	n/a	NonTarget	1	83701
83.801	n/a	NonTarget	1	83801
83.901	n/a	NonTarget	1	83901
84.001	n/a	NonTarget	1	84001
84.101	n/a	NonTarget	1	84101
84.201	n/a	NonTarget	1	84201
84.301	n/a	NonTarget	1	84301
84.401	n/a	NonTarget	1	84401
84.501	n/a	NonTarget	1	84501
84.601	n/a	NonTarget	1	84601
84.701	n/a	NonTarget	1	84701
84.801	n/a	NonTarget	1	84801
84.901	n/a	NonTarget	1	84901
85.001	n/a	NonTarget	1	85001
85.101	n/a	NonTarget	1	85101
85.201	n/a	NonTarget	1	85201
85.301	n/a	NonTarget	1	85301
85.401	n/a	NonTarget	1	85401
85.501	n/a	NonTarget	1	85501
85.601	n/a	NonTarget	1	85601
85.701	n/a	NonTarget	1	85701
85.801	n/a	NonTarget	1	85801
85.901	n/a	NonTarget	1	85901
86.001	n/a	NonTarget	1	86001
86.101	n/a	NonTarget	1	86101
86.201	n/a	NonTarget	1	86201
86.301	n/a	NonTarget	1	86301
86.401	n/a	NonTarget	1	86401
86.501	n/a	NonTarget	1	86501
86.601	n/a	NonTarget	1	86601
86.701	n/a	NonTarget	1	86701
86.801	n/a	NonTarget	1	86801
86.901	n/a	NonTarget	1	86901
87.001	n/a	NonTarget	1	87001
87.101	n/a	NonTarget	1	87101
87.201	n/a	NonTarget	1	87201
87.301	n/a	NonTarget	1	87301
87.401	n/a	Target	2	87401
87.501	n/a	NonTarget	1	87501
87.601	n/a	NonTarget	1	87601
87.701	n/a	NonTarget	1	87701
87.801	n/a	NonTarget	1	87801
87.901	n/a	NonTarget	1	87901
88.001	n/a	NonTarget	1	88001
88.101	n/a	NonTarget	1	88101
88.201	n/a	NonTarget	1	88201
88.301	n/a	NonTarget	1	88301
88.401	n/a	NonTarget	1	88401
88.501	n/a	NonTarget	1	88501
88.601	n/a	NonTarget	1	88601
88.701	n/a	NonTarget	1	88701
88.801	n/a	NonTarget	1	88801
88.901	n/a	NonTarget	1	88901
89.001	n/a	NonTarget	1	89001
89.101	n/a	NonTarget	1	89101
89.201	n/a	NonTarget	1	89201
89.301	n/a	NonTarget	1	89301
89.401	n/a	Target	2	89401
89.501	n/a	NonTarget	1	89501
89.601	n/a	NonTarget	1	89601
89.701	n/a	NonTarget	1	89701
89.801	n/a	NonTarget	1	89801
89.901	n/a	NonTarget	1	89901
90.001	n/a	NonTarget	1	90001
90.101	n/a	NonTarget	1	90101
90.201	n/a	NonTarget	1	90201
90.301	n/a	NonTarget	1	90301
90.401	n/a	NonTarget	1	90401
90.501	n/a	NonTarget	1	90501
90.601	n/a	NonTarget	1	90601
90.701	n/a	NonTarget	1	90701
90.801	n/a	NonTarget	1	90801
90.901	n/a	NonTarget	1	90901
91.001	n/a	NonTarget	1	91001
91.101	n/a	NonTarget	1	91101
91.201	n/a	NonTarget	1	91201
91.301	n/a	NonTarget	1	91301
91.401	n/a	NonTarget	1	91401
91.501	n/a	NonTarget	1	91501
91.601	n/a	NonTarget	1	91601
91.701	n/a	NonTarget	1	91701
91.801	n/a	NonTarget	1	91801
91.901	n/a	Target	2	91901
92.001	n/a	NonTarget	1	92001
92.101	n/a	NonTarget	1	92101
92.201	n/a	NonTarget	1	92201
92.301	n/a	NonTarget	1	92301
92.401	n/a	NonTarget	1	92401
92.501	n/a	NonTarget	1	92501
92.601	n/a	NonTarget	1	92601
92.701	n/a	NonTarget	1	92701
92.801	n/a	NonTarget	1	92801
92.901	n/a	NonTarget	1	92901
93.001	n/a	NonTarget	1	93001
93.101	n/a	NonTarget	1	93101
93.201	n/a	NonTarget	1	93201
93.301	n/a	NonTarget	1	93301
93.401	n/a	NonTarget	1	93401
93.501	n/a	NonTarget	1	93501
93.601	n/a	NonTarget	1	93601
93.701	n/a	NonTarget	1	93701
93.801	n/a	NonTarget	1	93801
93.901	n/a	NonTarget	1	93901
94.001	n/a	NonTarget	1	94001
94.101	n/a	NonTarget	1	94101
94.201	n/a	NonTarget	1	94201
94.301	n/a	NonTarget	1	94301
94.401	n/a	NonTarget	1	94401
94.501	n/a	NonTarget	1	94501
94.601	n/a	NonTarget	1	94601
94.701	n/a	NonTarget	1	94701
94.801	n/a	Target	2	94801
94.901	n/a	NonTarget	1	94901
95.001	n/a	NonTarget	1	95001
95.101	n/a	NonTarget	1	95101
95.201	n/a	NonTarget	1	95201
95.301	n/a	NonTarget	1	95301
95.401	n/a	NonTarget	1	95401
95.501	n/a	NonTarget	1	95501
95.601	n/a	NonTarget	1	95601
95.701	n/a	NonTarget	1	95701
95.801	n/a	NonTarget	1	95801
95.901	n/a	NonTarget	1	95901
96.001	n/a	NonTarget	1	96001
96.101	n/a	NonTarget	1	96101
96.201	n/a	NonTarget	1	96201
96.301	n/a	NonTarget	1	96301
96.401	n/a	NonTarget	1	96401
96.501	n/a	NonTarget	1	96501
96.601	n/a	NonTarget	1	96601
96.701	n/a	NonTarget	1	96701
96.801	n/a	NonTarget	1	96801
96.901	n/a	NonTarget	1	96901
97.001	n/a	NonTarget	1	97001
97.101	n/a	NonTarget	1	97101
97.201	n/a	NonTarget	1	97201
97.301	n/a	NonTarget	1	97301
97.401	n/a	NonTarget	1	97401
97.501	n/a	NonTarget	1	97501
97.601	n/a	NonTarget	1	97601
97.701	n/a	NonTarget	1	97701
97.801	n/a	NonTarget	1	97801
97.901	n/a	NonTarget	1	97901
98.001	n/a	NonTarget	1	98001
98.101	n/a	NonTarget	1	98101
98.201	n/a	NonTarget	1	98201
98.301	n/a	Target	2	98301
98.401	n/a	NonTarget	1	98401
98.501	n/a	NonTarget	1	98501
98.601	n/a	NonTarget	1	98601
98.701	n/a	NonTarget	1	98701
98.801	n/a	NonTarget	1	98801
98.901	n/a	NonTarget	1	98901
99.001	n/a	NonTarget	1	99001
99.101	n/a	NonTarget	1	99101
99.201	n/a	NonTarget	1	99201
99.301	n/a	NonTarget	1	99301
99.401	n/a	NonTarget	1	99401
99.501	n/a	NonTarget	1	99501
105.318	n/a	NonTarget	1	105318
105.418	n/a	NonTarget	1	105418
105.518	n/a	NonTarget	1	105518
105.618	n/a	NonTarget	1	105618
105.718	n/a	NonTarget	1	105718
105.818	n/a	NonTarget	1	105818
105.918	n/a	NonTarget	1	105918
106.018	n/a	NonTarget	1	106018
106.118	n/a	NonTarget	1	106118
106.218	n/a	NonTarget	1	106218
106.318	n/a	NonTarget	1	106318
106.418	n/a	NonTarget	1	106418
106.518	n/a	NonTarget	1	106518
106.618	n/a	NonTarget	1	106618
106.718	n/a	NonTarget	1	106718
106.818	n/a	NonTarget	1	106818
106.918	n/a	NonTarget	1	106918
107.018	n/a	NonTarget	1	107018
107.118	n/a	NonTarget	1	107118
107.218	n/a	NonTarget	1	107218
107.318	n/a	NonTarget	1	107318
107.418	n/a	NonTarget	1	107418
107.518	n/a	NonTarget	1	107518
107.618	n/a	NonTarget	1	107618
107.718	n/a	NonTarget	1	107718
107.818	n/a	NonTarget	1	107818
107.918	n/a	NonTarget	1	107918
108.018	n/a	NonTarget	1	108018
108.118	n/a	NonTarget	1	108118
108.218	n/a	NonTarget	1	108218
108.318	n/a	NonTarget	1	108318
108.418	n/a	NonTarget	1	108418
108.518	n/a	NonTarget	1	108518
108.618	n/a	NonTarget	1	108618
108.718	n/a	NonTarget	1	108718
108.818	n/a	NonTarget	1	108818
108.918	n/a	NonTarget	1	108918
109.018	n/a	NonTarget	1	109018
109.118	n/a	NonTarget	1	109118
109.218	n/a	NonTarget	1	109218
109.318	n/a	NonTarget	1	109318
109.418	n/a	NonTarget	1	109418
109.518	n/a	NonTarget	1	109518
109.618	n/a	NonTarget	1	109618
109.718	n/a	NonTarget	1	109718
109.818	n/a	NonTarget	1	109818
109.918	n/a	Target	2	109918
110.018	n/a	NonTarget	1	110018
110.118	n/a	NonTarget	1	110118
110.218	n/a	NonTarget	1	110218
110.318	n/a	NonTarget	1	110318
110.418	n/a	NonTarget	1	110418
110.518	n/a	NonTarget	1	110518
110.618	n/a	NonTarget	1	110618
110.718	n/a	NonTarget	1	110718
110.818	n/a	NonTarget	1	110818
110.918	n/a	NonTarget	1	110918
111.018	n/a	NonTarget	1	111018
111.118	n/a	NonTarget	1	111118
111.218	n/a	NonTarget	1	111218
111.318	n/a	NonTarget	1	111318
111.418	n/a	NonTarget	1	111418
111.518	n/a	NonTarget	1	111518
111.618	n/a	NonTarget	1	111618
111.718	n/a	NonTarget	1	111718
111.818	n/a	NonTarget	1	111818
111.918	n/a	NonTarget	1	111918
112.018	n/a	NonTarget	1	112018
112.118	n/a	NonTarget	1	112118
112.218	n/a	NonTarget	1	112218
112.318	n/a	NonTarget	1	112318
112.418	n/a	NonTarget	1	112418
112.518	n/a	NonTarget	1	112518
112.618	n/a	NonTarget	1	112618
112.718	n/a	NonTarget	1	112718
112.818	n/a	NonTarget	1	112818
112.918	n/a	NonTarget	1	112918
113.018	n/a	NonTarget	1	113018
113.118	n/a	NonTarget	1	113118
113.218	n/a	NonTarget	1	113218
113.318	n/a	NonTarget	1	113318
113.418	n/a	NonTarget	1	113418
113.518	n/a	NonTarget	1	113518
113.618	n/a	NonTarget	1	113618
113.718	n/a	NonTarget	1	113718
113.818	n/a	NonTarget	1	113818
113.918	n/a	NonTarget	1	113918
114.018	n/a	NonTarget	1	114018
114.118	n/a	NonTarget	1	114118
114.218	n/a	NonTarget	1	114218
114.318	n/a	NonTarget	1	114318
114.418	n/a	NonTarget	1	114418
114.518	n/a	NonTarget	1	114518
114.618	n/a	NonTarget	1	114618
114.718	n/a	NonTarget	1	114718
114.818	n/a	Target	2	114818
114.918	n/a	NonTarget	1	114918
115.018	n/a	NonTarget	1	115018
115.118	n/a	NonTarget	1	115118
115.218	n/a	NonTarget	1	115218
115.318	n/a	NonTarget	1	115318
115.418	n/a	NonTarget	1	115418
115.518	n/a	NonTarget	1	115518
115.618	n/a	NonTarget	1	115618
115.718	n/a	NonTarget	1	115718
115.818	n/a	NonTarget	1	115818
115.918	n/a	NonTarget	1	115918
116.018	n/a	NonTarget	1	116018
116.118	n/a	NonTarget	1	116118
116.218	n/a	NonTarget	1	116218
116.318	n/a	NonTarget	1	116318
116.418	n/a	NonTarget	1	116418
116.518	n/a	NonTarget	1	116518
116.618	n/a	NonTarget	1	116618
116.718	n/a	NonTarget	1	116718
116.818	n/a	NonTarget	1	116818
116.918	n/a	NonTarget	1	116918
117.018	n/a	NonTarget	1	117018
117.118	n/a	NonTarget	1	117118
117.218	n/a	NonTarget	1	117218
117.318	n/a	NonTarget	1	117318
117.418	n/a	NonTarget	1	117418
117.518	n/a	NonTarget	1	117518
117.618	n/a	NonTarget	1	117618
117.718	n/a	NonTarget	1	117718
117.818	n/a	NonTarget	1	117818
117.918	n/a	Target	2	117918
118.018	n/a	NonTarget	1	118018
118.118	n/a	NonTarget	1	118118
118.218	n/a	NonTarget	1	118218
118.318	n/a	NonTarget	1	118318
118.418	n/a	NonTarget	1	118418
118.518	n/a	NonTarget	1	118518
118.618	n/a	NonTarget	1	118618
118.718	n/a	NonTarget	1	118718
118.818	n/a	NonTarget	1	118818
118.918	n/a	NonTarget	1	118918
119.018	n/a	NonTarget	1	119018
119.118	n/a	NonTarget	1	119118
119.218	n/a	NonTarget	1	119218
119.318	n/a	NonTarget	1	119318
119.418	n/a	NonTarget	1	119418
119.518	n/a	NonTarget	1	119518
119.618	n/a	NonTarget	1	119618
119.718	n/a	NonTarget	1	119718
119.818	n/a	NonTarget	1	119818
119.918	n/a	NonTarget	1	119918
120.018	n/a	NonTarget	1	120018
120.118	n/a	NonTarget	1	120118
120.218	n/a	NonTarget	1	120218
120.318	n/a	NonTarget	1	120318
120.418	n/a	NonTarget	1	120418
120.518	n/a	Target	2	120518
120.618	n/a	NonTarget	1	120618
120.718	n/a	NonTarget	1	120718
120.818	n/a	NonTarget	1	120818
120.918	n/a	NonTarget	1	120918
121.018	n/a	NonTarget	1	121018
121.118	n/a	NonTarget	1	121118
121.218	n/a	NonTarget	1	121218
121.318	n/a	NonTarget	1	121318
121.418	n/a	NonTarget	1	121418
121.518	n/a	NonTarget	1	121518
121.618	n/a	NonTarget	1	121618
121.718	n/a	NonTarget	1	121718
121.818	n/a	NonTarget	1	121818
121.918	n/a	NonTarget	1	121918
122.018	n/a	NonTarget	1	122018
122.118	n/a	NonTarget	1	122118
122.218	n/a	NonTarget	1	122218
122.318	n/a	NonTarget	1	122318
122.418	n/a	NonTarget	1	122418
122.518	n/a	NonTarget	1	122518
122.618	n/a	NonTarget	1	122618
122.718	n/a	NonTarget	1	122718
122.818	n/a	NonTarget	1	122818
122.918	n/a	NonTarget	1	122918
123.018	n/a	NonTarget	1	123018
123.118	n/a	NonTarget	1	123118
123.218	n/a	NonTarget	1	123218
123.318	n/a	NonTarget	1	123318
123.418	n/a	NonTarget	1	123418
123.518	n/a	NonTarget	1	123518
123.618	n/a	NonTarget	1	123618
123.718	n/a	NonTarget	1	123718
123.818	n/a	NonTarget	1	123818
123.918	n/a	NonTarget	1	123918
124.018	n/a	NonTarget	1	124018
124.118	n/a	NonTarget	1	124118
124.218	n/a	NonTarget	1	124218
124.318	n/a	NonTarget	1	124318
124.418	n/a	NonTarget	1	124418
124.518	n/a	NonTarget	1	124518
124.618	n/a	NonTarget	1	124618
124.718	n/a	NonTarget	1	124718
124.818	n/a	NonTarget	1	124818
124.918	n/a	NonTarget	1	124918
125.018	n/a	NonTarget	1	125018
125.118	n/a	NonTarget	1	125118
125.218	n/a	NonTarget	1	125218
131.401	n/a	NonTarget	1	131401
131.501	n/a	NonTarget	1	131501
131.601	n/a	NonTarget	1	131601
131.701	n/a	NonTarget	1	131701
131.801	n/a	NonTarget	1	131801
131.901	n/a	NonTarget	1	131901
132.001	n/a	NonTarget	1	132001
132.101	n/a	NonTarget	1	132101
132.201	n/a	NonTarget	1	132201
132.301	n/a	NonTarget	1	132301
132.401	n/a	NonTarget	1	132401
132.501	n/a	NonTarget	1	132501
132.601	n/a	NonTarget	1	132601
132.701	n/a	NonTarget	1	132701
132.801	n/a	NonTarget	1	132801
132.901	n/a	NonTarget	1	132901
133.001	n/a	NonTarget	1	133001
133.101	n/a	NonTarget	1	133101
133.201	n/a	NonTarget	1	133201
133.301	n/a	NonTarget	1	133301
133.401	n/a	NonTarget	1	133401
133.501	n/a	NonTarget	1	133501
133.601	n/a	NonTarget	1	133601
133.701	n/a	NonTarget	1	133701
133.801	n/a	NonTarget	1	133801
133.901	n/a	NonTarget	1	133901
134.001	n/a	NonTarget	1	134001
134.101	n/a	NonTarget	1	134101
134.201	n/a	NonTarget	1	134201
134.301	n/a	NonTarget	1	134301
134.401	n/a	NonTarget	1	134401
134.501	n/a	NonTarget	1	134501
134.601	n/a	NonTarget	1	134601
134.701	n/a	Target	2	134701
134.801	n/a	NonTarget	1	134801
134.901	n/a	NonTarget	1	134901
135.001	n/a	NonTarget	1	135001
135.101	n/a	NonTarget	1	135101
135.201	n/a	NonTarget	1	135201
135.301	n/a	NonTarget	1	135301
135.401	n/a	NonTarget	1	135401
135.501	n/a	NonTarget	1	135501
135.601	n/a	NonTarget	1	135601
135.701	n/a	NonTarget	1	135701
135.801	n/a	NonTarget	1	135801
135.901	n/a	NonTarget	1	135901
136.001	n/a	NonTarget	1	136001
136.101	n/a	NonTarget	1	136101
136.201	n/a	NonTarget	1	136201
136.301	n/a	NonTarget	1	136301
136.401	n/a	NonTarget	1	136401
136.501	n/a	NonTarget	1	136501
136.601	n/a	NonTarget	1	136601
136.701	n/a	NonTarget	1	136701
136.801	n/a	NonTarget	1	136801
136.901	n/a	NonTarget	1	136901
137.001	n/a	NonTarget	1	137001
137.101	n/a	NonTarget	1	137101
137.201	n/a	NonTarget	1	137201
137.301	n/a	NonTarget	1	137301
137.401	n/a	NonTarget	1	137401
137.501	n/a	NonTarget	1	137501
137.601	n/a	NonTarget	1	137601
137.701	n/a	NonTarget	1	137701
137.801	n/a	NonTarget	1	137801
137.901	n/a	NonTarget	1	137901
138.001	n/a	NonTarget	1	138001
138.101	n/a	NonTarget	1	138101
138.201	n/a	NonTarget	1	138201
138.301	n/a	NonTarget	1	138301
138.401	n/a	Target	2	138401
138.501	n/a	NonTarget	1	138501
138.601	n/a	NonTarget	1	138601
138.701	n/a	NonTarget	1	138701
138.801	n/a	NonTarget	1	138801
138.901	n/a	NonTarget	1	138901
139.001	n/a	NonTarget	1	139001
139.101	n/a	NonTarget	1	139101
139.201	n/a	NonTarget	1	139201
139.301	n/a	NonTarget	1	139301
139.401	n/a	NonTarget	1	139401
139.501	n/a	NonTarget	1	139501
139.601	n/a	NonTarget	1	139601
139.701	n/a	NonTarget	1	139701
139.801	n/a	NonTarget	1	139801
139.901	n/a	NonTarget	1	139901
140.001	n/a	NonTarget	1	140001
140.101	n/a	NonTarget	1	140101
140.201	n/a	NonTarget	1	140201
140.301	n/a	NonTarget	1	140301
140.401	n/a	NonTarget	1	140401
140.501	n/a	NonTarget	1	140501
140.601	n/a	NonTarget	1	140601
140.701	n/a	Target	2	140701
140.801	n/a	NonTarget	1	140801
140.901	n/a	NonTarget	1	140901
141.001	n/a	NonTarget	1	141001
141.101	n/a	NonTarget	1	141101
141.201	n/a	NonTarget	1	141201
141.301	n/a	NonTarget	1	141301
141.401	n/a	NonTarget	1	141401
141.501	n/a	NonTarget	1	141501
141.601	n/a	NonTarget	1	141601
141.701	n/a	NonTarget	1	141701
141.801	n/a	NonTarget	1	141801
141.901	n/a	NonTarget	1	141901
142.001	n/a	NonTarget	1	142001
142.101	n/a	NonTarget	1	142101
142.201	n/a	NonTarget	1	142201
142.301	n/a	NonTarget	1	142301
142.401	n/a	NonTarget	1	142401
142.501	n/a	NonTarget	1	142501
142.601	n/a	NonTarget	1	142601
142.701	n/a	NonTarget	1	142701
142.801	n/a	NonTarget	1	142801
142.901	n/a	NonTarget	1	142901
143.001	n/a	NonTarget	1	143001
143.101	n/a	NonTarget	1	143101
143.201	n/a	NonTarget	1	143201
143.301	n/a	NonTarget	1	143301
143.401	n/a	NonTarget	1	143401
143.501	n/a	NonTarget	1	143501
143.601	n/a	NonTarget	1	143601
143.701	n/a	NonTarget	1	143701
143.801	n/a	NonTarget	1	143801
143.901	n/a	NonTarget	1	143901
144.001	n/a	NonTarget	1	144001
144.101	n/a	Target	2	144101
144.201	n/a	NonTarget	1	144201
144.301	n/a	NonTarget	1	144301
144.401	n/a	NonTarget	1	144401
144.501	n/a	NonTarget	1	144501
144.601	n/a	NonTarget	1	144601
144.701	n/a	NonTarget	1	144701
144.801	n/a	NonTarget	1	144801
144.901	n/a	NonTarget	1	144901
145.001	n/a	NonTarget	1	145001
145.101	n/a	NonTarget	1	145101
145.201	n/a	NonTarget	1	145201
145.301	n/a	NonTarget	1	145301
145.401	n/a	NonTarget	1	145401
145.501	n/a	NonTarget	1	145501
145.601	n/a	NonTarget	1	145601
145.701	n/a	NonTarget	1	145701
145.801	n/a	NonTarget	1	145801
145.901	n/a	NonTarget	1	145901
146.001	n/a	NonTarget	1	146001
146.101	n/a	NonTarget	1	146101
146.201	n/a	NonTarget	1	146201
146.301	n/a	NonTarget	1	146301
146.401	n/a	NonTarget	1	146401
146.501	n/a	NonTarget	1	146501
146.601	n/a	Target	2	146601
146.701	n/a	NonTarget	1	146701
146.801	n/a	NonTarget	1	146801
146.901	n/a	NonTarget	1	146901
147.001	n/a	NonTarget	1	147001
147.101	n/a	NonTarget	1	147101
147.201	n/a	NonTarget	1	147201
147.301	n/a	NonTarget	1	147301
147.401	n/a	NonTarget	1	147401
147.501	n/a	NonTarget	1	147501
147.601	n/a	NonTarget	1	147601
147.701	n/a	NonTarget	1	147701
147.801	n/a	NonTarget	1	147801
147.901	n/a	NonTarget	1	147901
148.001	n/a	NonTarget	1	148001
148.101	n/a	NonTarget	1	148101
148.201	n/a	NonTarget	1	148201
148.301	n/a	NonTarget	1	148301
148.401	n/a	NonTarget	1	148401
148.501	n/a	NonTarget	1	148501
148.601	n/a	NonTarget	1	148601
148.701	n/a	NonTarget	1	148701
148.801	n/a	NonTarget	1	148801
148.901	n/a	NonTarget	1	148901
149.001	n/a	NonTarget	1	149001
149.101	n/a	NonTarget	1	149101
149.201	n/a	NonTarget	1	149201
149.301	n/a	NonTarget	1	149301
149.401	n/a	NonTarget	1	149401
149.501	n/a	NonTarget	1	149501
149.601	n/a	NonTarget	1	149601
149.701	n/a	NonTarget	1	149701
149.801	n/a	NonTarget	1	149801
149.901	n/a	NonTarget	1	149901
150.001	n/a	Target	2	150001
150.101	n/a	NonTarget	1	150101
150.201	n/a	NonTarget	1	150201
150.301	n/a	NonTarget	1	150301
150.401	n/a	NonTarget	1	150401
150.501	n/a	NonTarget	1	150501
150.601	n/a	NonTarget	1	150601
150.701	n/a	NonTarget	1	150701
150.801	n/a	NonTarget	1	150801
150.901	n/a	NonTarget	1	150901
151.001	n/a	NonTarget	1	151001
151.101	n/a	NonTarget	1	151101
151.201	n/a	NonTarget	1	151201
151.301	n/a	NonTarget	1	151301
157.268	n/a	NonTarget	1	157268
157.368	n/a	NonTarget	1	157368
157.468	n/a	NonTarget	1	157468
157.568	n/a	NonTarget	1	157568
157.668	n/a	NonTarget	1	157668
157.768	n/a	NonTarget	1	157768
157.868	n/a	NonTarget	1	157868
157.968	n/a	NonTarget	1	157968
158.068	n/a	NonTarget	1	158068
158.168	n/a	NonTarget	1	158168
158.268	n/a	NonTarget	1	158268
158.368	n/a	NonTarget	1	158368
158.468	n/a	NonTarget	1	158468
158.568	n/a	NonTarget	1	158568
158.668	n/a	NonTarget	1	158668
158.768	n/a	NonTarget	1	158768
158.868	n/a	NonTarget	1	158868
158.968	n/a	NonTarget	1	158968
159.068	n/a	NonTarget	1	159068
159.168	n/a	NonTarget	1	159168
159.268	n/a	NonTarget	1	159268
159.368	n/a	Target	2	159368
159.468	n/a	NonTarget	1	159468
159.568	n/a	NonTarget	1	159568
159.668	n/a	NonTarget	1	159668
159.768	n/a	NonTarget	1	159768
159.868	n/a	NonTarget	1	159868
159.968	n/a	NonTarget	1	159968
160.068	n/a	NonTarget	1	160068
160.168	n/a	NonTarget	1	160168
160.268	n/a	NonTarget	1	160268
160.368	n/a	NonTarget	1	160368
160.468	n/a	NonTarget	1	160468
160.568	n/a	NonTarget	1	160568
160.668	n/a	NonTarget	1	160668
160.768	n/a	NonTarget	1	160768
160.868	n/a	NonTarget	1	160868
160.968	n/a	NonTarget	1	160968
161.068	n/a	NonTarget	1	161068
161.168	n/a	NonTarget	1	161168
161.268	n/a	NonTarget	1	161268
161.368	n/a	NonTarget	1	161368
161.468	n/a	NonTarget	1	161468
161.568	n/a	NonTarget	1	161568
161.668	n/a	NonTarget	1	161668
161.768	n/a	NonTarget	1	161768
161.868	n/a	NonTarget	1	161868
161.968	n/a	NonTarget	1	161968
162.068	n/a	NonTarget	1	162068
162.168	n/a	NonTarget	1	162168
162.268	n/a	NonTarget	1	162268
162.368	n/a	NonTarget	1	162368
162.468	n/a	NonTarget	1	162468
162.568	n/a	NonTarget	1	162568
162.668	n/a	NonTarget	1	162668
162.768	n/a	NonTarget	1	162768
162.868	n/a	NonTarget	1	162868
162.968	n/a	NonTarget	1	162968
163.068	n/a	NonTarget	1	163068
163.168	n/a	NonTarget	1	163168
163.268	n/a	NonTarget	1	163268
163.368	n/a	Target	2	163368
163.468	n/a	NonTarget	1	163468
163.568	n/a	NonTarget	1	163568
163.668	n/a	NonTarget	1	163668
163.768	n/a	NonTarget	1	163768
163.868	n/a	NonTarget	1	163868
163.968	n/a	NonTarget	1	163968
164.068	n/a	NonTarget	1	164068
164.168	n/a	NonTarget	1	164168
164.268	n/a	NonTarget	1	164268
164.368	n/a	NonTarget	1	164368
164.468	n/a	NonTarget	1	164468
164.568	n/a	NonTarget	1	164568
164.668	n/a	NonTarget	1	164668
164.768	n/a	NonTarget	1	164768
164.868	n/a	NonTarget	1	164868
164.968	n/a	NonTarget	1	164968
165.068	n/a	NonTarget	1	165068
165.168	n/a	NonTarget	1	165168
165.268	n/a	NonTarget	1	165268
165.368	n/a	NonTarget	1	165368
165.468	n/a	NonTarget	1	165468
165.568	n/a	NonTarget	1	165568
165.668	n/a	NonTarget	1	165668
165.768	n/a	NonTarget	1	165768
165.868	n/a	NonTarget	1	165868
165.968	n/a	NonTarget	1	165968
166.068	n/a	NonTarget	1	166068
166.168	n/a	NonTarget	1	166168
166.268	n/a	NonTarget	1	166268
166.368	n/a	NonTarget	1	166368
166.468	n/a	NonTarget	1	166468
166.568	n/a	NonTarget	1	166568
166.668	n/a	NonTarget	1	166668
166.768	n/a	NonTarget	1	166768
166.868	n/a	NonTarget	1	166868
166.968	n/a	NonTarget	1	166968
167.068	n/a	NonTarget	1	167068
167.168	n/a	NonTarget	1	167168
167.268	n/a	NonTarget	1	167268
167.368	n/a	NonTarget	1	167368
167.468	n/a	NonTarget	1	167468
167.568	n/a	NonTarget	1	167568
167.668	n/a	NonTarget	1	167668
167.768	n/a	NonTarget	1	167768
167.868	n/a	NonTarget	1	167868
167.968	n/a	NonTarget	1	167968
168.068	n/a	NonTarget	1	168068
168.168	n/a	Target	2	168168
168.268	n/a	NonTarget	1	168268
168.368	n/a	NonTarget	1	168368
168.468	n/a	NonTarget	1	168468
168.568	n/a	NonTarget	1	168568
168.668	n/a	NonTarget	1	168668
168.768	n/a	NonTarget	1	168768
168.868	n/a	NonTarget	1	168868
168.968	n/a	NonTarget	1	168968
169.068	n/a	NonTarget	1	169068
169.168	n/a	NonTarget	1	169168
169.268	n/a	NonTarget	1	169268
169.368	n/a	NonTarget	1	169368
169.468	n/a	NonTarget	1	169468
169.568	n/a	NonTarget	1	169568
169.668	n/a	NonTarget	1	169668
169.768	n/a	NonTarget	1	169768
169.868	n/a	NonTarget	1	169868
169.968	n/a	NonTarget	1	169968
170.068	n/a	NonTarget	1	170068
170.168	n/a	NonTarget	1	170168
170.268	n/a	NonTarget	1	170268
170.368	n/a	NonTarget	1	170368
170.468	n/a	NonTarget	1	170468
170.568	n/a	NonTarget	1	170568
170.668	n/a	NonTarget	1	170668
170.768	n/a	Target	2	170768
170.868	n/a	NonTarget	1	170868
170.968	n/a	NonTarget	1	170968
171.068	n/a	NonTarget	1	171068
171.168	n/a	NonTarget	1	171168
171.268	n/a	NonTarget	1	171268
171.368	n/a	NonTarget	1	171368
171.468	n/a	NonTarget	1	171468
171.568	n/a	NonTarget	1	171568
171.668	n/a	NonTarget	1	171668
171.768	n/a	NonTarget	1	171768
171.868	n/a	NonTarget	1	171868
171.968	n/a	NonTarget	1	171968
172.068	n/a	NonTarget	1	172068
172.168	n/a	NonTarget	1	172168
172.268	n/a	NonTarget	1	172268
172.368	n/a	NonTarget	1	172368
172.468	n/a	NonTarget	1	172468
172.568	n/a	NonTarget	1	172568
172.668	n/a	NonTarget	1	172668
172.768	n/a	NonTarget	1	172768
172.868	n/a	NonTarget	1	172868
172.968	n/a	NonTarget	1	172968
173.068	n/a	NonTarget	1	173068
173.168	n/a	NonTarget	1	173168
173.268	n/a	NonTarget	1	173268
173.368	n/a	NonTarget	1	173368
173.468	n/a	NonTarget	1	173468
173.568	n/a	NonTarget	1	173568
173.668	n/a	NonTarget	1	173668
173.768	n/a	NonTarget	1	173768
173.868	n/a	NonTarget	1	173868
173.968	n/a	NonTarget	1	173968
174.068	n/a	NonTarget	1	174068
174.168	n/a	NonTarget	1	174168
174.268	n/a	NonTarget	1	174268
174.368	n/a	NonTarget	1	174368
174.468	n/a	NonTarget	1	174468
174.568	n/a	NonTarget	1	174568
174.668	n/a	NonTarget	1	174668
174.768	n/a	NonTarget	1	174768
174.868	n/a	NonTarget	1	174868
174.968	n/a	Target	2	174968
175.068	n/a	NonTarget	1	175068
175.168	n/a	NonTarget	1	175168
175.268	n/a	NonTarget	1	175268
175.368	n/a	NonTarget	1	175368
175.468	n/a	NonTarget	1	175468
175.568	n/a	NonTarget	1	175568
175.668	n/a	NonTarget	1	175668
175.768	n/a	NonTarget	1	175768
175.868	n/a	NonTarget	1	175868
175.968	n/a	NonTarget	1	175968
176.068	n/a	NonTarget	1	176068
176.168	n/a	NonTarget	1	176168
176.268	n/a	NonTarget	1	176268
176.368	n/a	NonTarget	1	176368
176.468	n/a	NonTarget	1	176468
176.568	n/a	NonTarget	1	176568
176.668	n/a	NonTarget	1	176668
176.768	n/a	NonTarget	1	176768
176.868	n/a	NonTarget	1	176868
176.968	n/a	NonTarget	1	176968
177.068	n/a	NonTarget	1	177068
177.168	n/a	NonTarget	1	177168
182.602	n/a	NonTarget	1	182602
182.702	n/a	NonTarget	1	182702
182.802	n/a	NonTarget	1	182802
182.902	n/a	NonTarget	1	182902
183.002	n/a	NonTarget	1	183002
183.102	n/a	NonTarget	1	183102
183.202	n/a	NonTarget	1	183202
183.302	n/a	NonTarget	1	183302
183.402	n/a	NonTarget	1	183402
183.502	n/a	NonTarget	1	183502
183.602	n/a	NonTarget	1	183602
183.702	n/a	NonTarget	1	183702
183.802	n/a	NonTarget	1	183802
183.902	n/a	NonTarget	1	183902
184.002	n/a	NonTarget	1	184002
184.102	n/a	NonTarget	1	184102
184.202	n/a	NonTarget	1	184202
184.302	n/a	NonTarget	1	184302
184.402	n/a	NonTarget	1	184402
184.502	n/a	NonTarget	1	184502
184.602	n/a	NonTarget	1	184602
184.702	n/a	NonTarget	1	184702
184.802	n/a	NonTarget	1	184802
184.902	n/a	NonTarget	1	184902
185.002	n/a	NonTarget	1	185002
185.102	n/a	NonTarget	1	185102
185.202	n/a	NonTarget	1	185202
185.302	n/a	NonTarget	1	185302
185.402	n/a	NonTarget	1	185402
185.502	n/a	NonTarget	1	185502
185.602	n/a	NonTarget	1	185602
185.702	n/a	NonTarget	1	185702
185.802	n/a	NonTarget	1	185802
185.902	n/a	NonTarget	1	185902
186.002	n/a	NonTarget	1	186002
186.102	n/a	NonTarget	1	186102
186.202	n/a	NonTarget	1	186202
186.302	n/a	NonTarget	1	186302
186.402	n/a	NonTarget	1	186402
186.502	n/a	NonTarget	1	186502
186.602	n/a	NonTarget	1	186602
186.702	n/a	NonTarget	1	186702
186.802	n/a	NonTarget	1	186802
186.902	n/a	NonTarget	1	186902
187.002	n/a	Target	2	187002
187.102	n/a	NonTarget	1	187102
187.202	n/a	NonTarget	1	187202
187.302	n/a	NonTarget	1	187302
187.402	n/a	NonTarget	1	187402
187.502	n/a	NonTarget	1	187502
187.602	n/a	NonTarget	1	187602
187.702	n/a	NonTarget	1	187702
187.803	n/a	NonTarget	1	187803
187.903	n/a	NonTarget	1	187903
188.003	n/a	NonTarget	1	188003
188.103	n/a	NonTarget	1	188103
188.203	n/a	NonTarget	1	188203
188.303	n/a	NonTarget	1	188303
188.403	n/a	NonTarget	1	188403
188.503	n/a	NonTarget	1	188503
188.603	n/a	NonTarget	1	188603
188.703	n/a	NonTarget	1	188703
188.803	n/a	NonTarget	1	188803
188.903	n/a	NonTarget	1	188903
189.003	n/a	NonTarget	1	189003
189.103	n/a	NonTarget	1	189103
189.203	n/a	Target	2	189203
189.303	n/a	NonTarget	1	189303
189.403	n/a	NonTarget	1	189403
189.503	n/a	NonTarget	1	189503
189.603	n/a	NonTarget	1	189603
189.703	n/a	NonTarget	1	189703
189.803	n/a	NonTarget	1	189803
189.903	n/a	NonTarget	1	189903
190.003	n/a	NonTarget	1	190003
190.103	n/a	NonTarget	1	190103
190.203	n/a	NonTarget	1	190203
190.303	n/a	NonTarget	1	190303
190.403	n/a	NonTarget	1	190403
190.503	n/a	NonTarget	1	190503
190.603	n/a	NonTarget	1	190603
190.703	n/a	NonTarget	1	190703
190.803	n/a	NonTarget	1	190803
190.903	n/a	NonTarget	1	190903
191.003	n/a	NonTarget	1	191003
191.103	n/a	NonTarget	1	191103
191.203	n/a	NonTarget	1	191203
191.303	n/a	NonTarget	1	191303
191.403	n/a	NonTarget	1	191403
191.503	n/a	NonTarget	1	191503
191.603	n/a	NonTarget	1	191603
191.703	n/a	NonTarget	1	191703
191.803	n/a	NonTarget	1	191803
191.903	n/a	NonTarget	1	191903
192.003	n/a	NonTarget	1	192003
192.103	n/a	NonTarget	1	192103
192.203	n/a	NonTarget	1	192203
192.303	n/a	NonTarget	1	192303
192.403	n/a	NonTarget	1	192403
192.503	n/a	NonTarget	1	192503
192.603	n/a	NonTarget	1	192603
192.703	n/a	NonTarget	1	192703
192.803	n/a	NonTarget	1	192803
192.903	n/a	NonTarget	1	192903
193.003	n/a	NonTarget	1	193003
193.103	n/a	NonTarget	1	193103
193.203	n/a	NonTarget	1	193203
193.303	n/a	Target	2	193303
193.403	n/a	NonTarget	1	193403
193.503	n/a	NonTarget	1	193503
193.603	n/a	NonTarget	1	193603
193.703	n/a	NonTarget	1	193703
193.803	n/a	NonTarget	1	193803
193.903	n/a	NonTarget	1	193903
194.003	n/a	NonTarget	1	194003
194.103	n/a	NonTarget	1	194103
194.203	n/a	NonTarget	1	194203
194.303	n/a	NonTarget	1	194303
194.403	n/a	NonTarget	1	194403
194.503	n/a	NonTarget	1	194503
194.603	n/a	NonTarget	1	194603
194.703	n/a	NonTarget	1	194703
194.803	n/a	NonTarget	1	194803
194.903	n/a	NonTarget	1	194903
195.003	n/a	NonTarget	1	195003
195.103	n/a	NonTarget	1	195103
195.203	n/a	NonTarget	1	195203
195.303	n/a	NonTarget	1	195303
195.403	n/a	NonTarget	1	195403
195.503	n/a	NonTarget	1	195503
195.603	n/a	NonTarget	1	195603
195.703	n/a	NonTarget	1	195703
195.803	n/a	Target	2	195803
195.903	n/a	NonTarget	1	195903
196.003	n/a	NonTarget	1	196003
196.103	n/a	NonTarget	1	196103
196.203	n/a	NonTarget	1	196203
196.303	n/a	NonTarget	1	196303
196.403	n/a	NonTarget	1	196403
196.503	n/a	NonTarget	1	196503
196.603	n/a	NonTarget	1	196603
196.703	n/a	NonTarget	1	196703
196.803	n/a	NonTarget	1	196803
196.903	n/a	NonTarget	1	196903
197.003	n/a	NonTarget	1	197003
197.103	n/a	NonTarget	1	197103
197.203	n/a	NonTarget	1	197203
197.303	n/a	NonTarget	1	197303
197.403	n/a	NonTarget	1	197403
197.503	n/a	NonTarget	1	197503
197.603	n/a	NonTarget	1	197603
197.703	n/a	NonTarget	1	197703
197.803	n/a	NonTarget	1	197803
197.903	n/a	NonTarget	1	197903
198.003	n/a	Target	2	198003
198.103	n/a	NonTarget	1	198103
198.203	n/a	NonTarget	1	198203
198.303	n/a	NonTarget	1	198303
198.403	n/a	NonTarget	1	198403
198.503	n/a	NonTarget	1	198503
198.603	n/a	NonTarget	1	198603
198.703	n/a	NonTarget	1	198703
198.803	n/a	NonTarget	1	198803
198.903	n/a	NonTarget	1	198903
199.003	n/a	NonTarget	1	199003
199.103	n/a	NonTarget	1	199103
199.203	n/a	NonTarget	1	199203
199.303	n/a	NonTarget	1	199303
199.403	n/a	NonTarget	1	199403
199.503	n/a	NonTarget	1	199503
199.603	n/a	NonTarget	1	199603
199.703	n/a	NonTarget	1	199703
199.803	n/a	NonTarget	1	199803
199.903	n/a	NonTarget	1	199903
200.003	n/a	NonTarget	1	200003
200.103	n/a	NonTarget	1	200103
200.203	n/a	NonTarget	1	200203
200.303	n/a	NonTarget	1	200303
200.403	n/a	NonTarget	1	200403
200.503	n/a	NonTarget	1	200503
200.603	n/a	NonTarget	1	200603
200.703	n/a	NonTarget	1	200703
200.803	n/a	NonTarget	1	200803
200.903	n/a	NonTarget	1	200903
201.003	n/a	Target	2	201003
201.103	n/a	NonTarget	1	201103
201.203	n/a	NonTarget	1	201203
201.303	n/a	NonTarget	1	201303
201.403	n/a	NonTarget	1	201403
201.503	n/a	NonTarget	1	201503
201.603	n/a	NonTarget	1	201603
201.703	n/a	NonTarget	1	201703
201.803	n/a	NonTarget	1	201803
201.903	n/a	NonTarget	1	201903
202.003	n/a	NonTarget	1	202003
202.103	n/a	NonTarget	1	202103
202.203	n/a	NonTarget	1	202203
202.303	n/a	NonTarget	1	202303
202.403	n/a	NonTarget	1	202403
202.503	n/a	NonTarget	1	202503
